{
	"BUILD_DIR" : "/Users/stiubedenis/Desktop/Facultate/Teme/Semestrul 2/OOP/simulareOficial/cmake-build-debug-coverage/simulareOficial_autogen",
	"CMAKE_BINARY_DIR" : "/Users/stiubedenis/Desktop/Facultate/Teme/Semestrul 2/OOP/simulareOficial/cmake-build-debug-coverage",
	"CMAKE_CURRENT_BINARY_DIR" : "/Users/stiubedenis/Desktop/Facultate/Teme/Semestrul 2/OOP/simulareOficial/cmake-build-debug-coverage",
	"CMAKE_CURRENT_SOURCE_DIR" : "/Users/stiubedenis/Desktop/Facultate/Teme/Semestrul 2/OOP/simulareOficial",
	"CMAKE_EXECUTABLE" : "/Applications/CLion.app/Contents/bin/cmake/mac/aarch64/bin/cmake",
	"CMAKE_LIST_FILES" : 
	[
		"/Users/stiubedenis/Desktop/Facultate/Teme/Semestrul 2/OOP/simulareOficial/CMakeLists.txt",
		"/Users/stiubedenis/Desktop/Facultate/Teme/Semestrul 2/OOP/simulareOficial/cmake-build-debug-coverage/CMakeFiles/3.28.1/CMakeSystem.cmake",
		"/Applications/CLion.app/Contents/bin/cmake/mac/aarch64/share/cmake-3.28/Modules/CMakeSystemSpecificInitialize.cmake",
		"/Applications/CLion.app/Contents/bin/cmake/mac/aarch64/share/cmake-3.28/Modules/Platform/Darwin-Initialize.cmake",
		"/Users/stiubedenis/Desktop/Facultate/Teme/Semestrul 2/OOP/simulareOficial/cmake-build-debug-coverage/CMakeFiles/3.28.1/CMakeCCompiler.cmake",
		"/Users/stiubedenis/Desktop/Facultate/Teme/Semestrul 2/OOP/simulareOficial/cmake-build-debug-coverage/CMakeFiles/3.28.1/CMakeCXXCompiler.cmake",
		"/Applications/CLion.app/Contents/bin/cmake/mac/aarch64/share/cmake-3.28/Modules/CMakeSystemSpecificInformation.cmake",
		"/Applications/CLion.app/Contents/bin/cmake/mac/aarch64/share/cmake-3.28/Modules/CMakeGenericSystem.cmake",
		"/Applications/CLion.app/Contents/bin/cmake/mac/aarch64/share/cmake-3.28/Modules/CMakeInitializeConfigs.cmake",
		"/Applications/CLion.app/Contents/bin/cmake/mac/aarch64/share/cmake-3.28/Modules/Platform/Darwin.cmake",
		"/Applications/CLion.app/Contents/bin/cmake/mac/aarch64/share/cmake-3.28/Modules/Platform/UnixPaths.cmake",
		"/Applications/CLion.app/Contents/bin/cmake/mac/aarch64/share/cmake-3.28/Modules/CMakeCInformation.cmake",
		"/Applications/CLion.app/Contents/bin/cmake/mac/aarch64/share/cmake-3.28/Modules/CMakeLanguageInformation.cmake",
		"/Applications/CLion.app/Contents/bin/cmake/mac/aarch64/share/cmake-3.28/Modules/Compiler/AppleClang-C.cmake",
		"/Applications/CLion.app/Contents/bin/cmake/mac/aarch64/share/cmake-3.28/Modules/Compiler/Clang.cmake",
		"/Applications/CLion.app/Contents/bin/cmake/mac/aarch64/share/cmake-3.28/Modules/Compiler/CMakeCommonCompilerMacros.cmake",
		"/Applications/CLion.app/Contents/bin/cmake/mac/aarch64/share/cmake-3.28/Modules/Compiler/GNU.cmake",
		"/Applications/CLion.app/Contents/bin/cmake/mac/aarch64/share/cmake-3.28/Modules/Compiler/CMakeCommonCompilerMacros.cmake",
		"/Applications/CLion.app/Contents/bin/cmake/mac/aarch64/share/cmake-3.28/Modules/Platform/Apple-AppleClang-C.cmake",
		"/Applications/CLion.app/Contents/bin/cmake/mac/aarch64/share/cmake-3.28/Modules/Platform/Apple-Clang-C.cmake",
		"/Applications/CLion.app/Contents/bin/cmake/mac/aarch64/share/cmake-3.28/Modules/Platform/Apple-Clang.cmake",
		"/Applications/CLion.app/Contents/bin/cmake/mac/aarch64/share/cmake-3.28/Modules/CMakeCommonLanguageInclude.cmake",
		"/Applications/CLion.app/Contents/bin/cmake/mac/aarch64/share/cmake-3.28/Modules/CMakeCXXInformation.cmake",
		"/Applications/CLion.app/Contents/bin/cmake/mac/aarch64/share/cmake-3.28/Modules/CMakeLanguageInformation.cmake",
		"/Applications/CLion.app/Contents/bin/cmake/mac/aarch64/share/cmake-3.28/Modules/Compiler/AppleClang-CXX.cmake",
		"/Applications/CLion.app/Contents/bin/cmake/mac/aarch64/share/cmake-3.28/Modules/Compiler/Clang.cmake",
		"/Applications/CLion.app/Contents/bin/cmake/mac/aarch64/share/cmake-3.28/Modules/Platform/Apple-AppleClang-CXX.cmake",
		"/Applications/CLion.app/Contents/bin/cmake/mac/aarch64/share/cmake-3.28/Modules/Platform/Apple-Clang-CXX.cmake",
		"/Applications/CLion.app/Contents/bin/cmake/mac/aarch64/share/cmake-3.28/Modules/Platform/Apple-Clang.cmake",
		"/Applications/CLion.app/Contents/bin/cmake/mac/aarch64/share/cmake-3.28/Modules/CMakeCommonLanguageInclude.cmake",
		"/Users/stiubedenis/Downloads/Qt/6.8.0/macos/lib/cmake/Qt6/Qt6ConfigVersion.cmake",
		"/Users/stiubedenis/Downloads/Qt/6.8.0/macos/lib/cmake/Qt6/Qt6ConfigVersionImpl.cmake",
		"/Users/stiubedenis/Downloads/Qt/6.8.0/macos/lib/cmake/Qt6/Qt6Config.cmake",
		"/Users/stiubedenis/Downloads/Qt/6.8.0/macos/lib/cmake/Qt6/Qt6ConfigExtras.cmake",
		"/Users/stiubedenis/Downloads/Qt/6.8.0/macos/lib/cmake/Qt6/QtPublicCMakeVersionHelpers.cmake",
		"/Users/stiubedenis/Downloads/Qt/6.8.0/macos/lib/cmake/Qt6/Qt6Targets.cmake",
		"/Users/stiubedenis/Downloads/Qt/6.8.0/macos/lib/cmake/Qt6/Qt6VersionlessTargets.cmake",
		"/Users/stiubedenis/Downloads/Qt/6.8.0/macos/lib/cmake/Qt6/QtFeature.cmake",
		"/Applications/CLion.app/Contents/bin/cmake/mac/aarch64/share/cmake-3.28/Modules/CheckCXXCompilerFlag.cmake",
		"/Applications/CLion.app/Contents/bin/cmake/mac/aarch64/share/cmake-3.28/Modules/Internal/CheckCompilerFlag.cmake",
		"/Applications/CLion.app/Contents/bin/cmake/mac/aarch64/share/cmake-3.28/Modules/Internal/CheckFlagCommonConfig.cmake",
		"/Applications/CLion.app/Contents/bin/cmake/mac/aarch64/share/cmake-3.28/Modules/Internal/CheckSourceCompiles.cmake",
		"/Applications/CLion.app/Contents/bin/cmake/mac/aarch64/share/cmake-3.28/Modules/CMakeCheckCompilerFlagCommonPatterns.cmake",
		"/Applications/CLion.app/Contents/bin/cmake/mac/aarch64/share/cmake-3.28/Modules/CheckCXXSourceCompiles.cmake",
		"/Applications/CLion.app/Contents/bin/cmake/mac/aarch64/share/cmake-3.28/Modules/Internal/CheckSourceCompiles.cmake",
		"/Users/stiubedenis/Downloads/Qt/6.8.0/macos/lib/cmake/Qt6/QtFeatureCommon.cmake",
		"/Users/stiubedenis/Downloads/Qt/6.8.0/macos/lib/cmake/Qt6/QtPublicAppleHelpers.cmake",
		"/Users/stiubedenis/Downloads/Qt/6.8.0/macos/lib/cmake/Qt6/QtPublicCMakeHelpers.cmake",
		"/Users/stiubedenis/Downloads/Qt/6.8.0/macos/lib/cmake/Qt6/QtPublicCMakeVersionHelpers.cmake",
		"/Users/stiubedenis/Downloads/Qt/6.8.0/macos/lib/cmake/Qt6/QtPublicDependencyHelpers.cmake",
		"/Users/stiubedenis/Downloads/Qt/6.8.0/macos/lib/cmake/Qt6/QtPublicExternalProjectHelpers.cmake",
		"/Users/stiubedenis/Downloads/Qt/6.8.0/macos/lib/cmake/Qt6/QtPublicFinalizerHelpers.cmake",
		"/Users/stiubedenis/Downloads/Qt/6.8.0/macos/lib/cmake/Qt6/QtPublicFindPackageHelpers.cmake",
		"/Users/stiubedenis/Downloads/Qt/6.8.0/macos/lib/cmake/Qt6/QtPublicPluginHelpers.cmake",
		"/Users/stiubedenis/Downloads/Qt/6.8.0/macos/lib/cmake/Qt6/QtPublicTargetHelpers.cmake",
		"/Users/stiubedenis/Downloads/Qt/6.8.0/macos/lib/cmake/Qt6/QtPublicTestHelpers.cmake",
		"/Users/stiubedenis/Downloads/Qt/6.8.0/macos/lib/cmake/Qt6/QtPublicToolHelpers.cmake",
		"/Users/stiubedenis/Downloads/Qt/6.8.0/macos/lib/cmake/Qt6/QtPublicWalkLibsHelpers.cmake",
		"/Applications/CLion.app/Contents/bin/cmake/mac/aarch64/share/cmake-3.28/Modules/CMakeFindDependencyMacro.cmake",
		"/Users/stiubedenis/Downloads/Qt/6.8.0/macos/lib/cmake/Qt6/Qt6Dependencies.cmake",
		"/Applications/CLion.app/Contents/bin/cmake/mac/aarch64/share/cmake-3.28/Modules/FindThreads.cmake",
		"/Applications/CLion.app/Contents/bin/cmake/mac/aarch64/share/cmake-3.28/Modules/CheckLibraryExists.cmake",
		"/Applications/CLion.app/Contents/bin/cmake/mac/aarch64/share/cmake-3.28/Modules/CheckIncludeFile.cmake",
		"/Applications/CLion.app/Contents/bin/cmake/mac/aarch64/share/cmake-3.28/Modules/CheckCSourceCompiles.cmake",
		"/Applications/CLion.app/Contents/bin/cmake/mac/aarch64/share/cmake-3.28/Modules/Internal/CheckSourceCompiles.cmake",
		"/Applications/CLion.app/Contents/bin/cmake/mac/aarch64/share/cmake-3.28/Modules/FindPackageHandleStandardArgs.cmake",
		"/Applications/CLion.app/Contents/bin/cmake/mac/aarch64/share/cmake-3.28/Modules/FindPackageMessage.cmake",
		"/Users/stiubedenis/Downloads/Qt/6.8.0/macos/lib/cmake/Qt6Core/Qt6CoreConfigVersion.cmake",
		"/Users/stiubedenis/Downloads/Qt/6.8.0/macos/lib/cmake/Qt6Core/Qt6CoreConfigVersionImpl.cmake",
		"/Users/stiubedenis/Downloads/Qt/6.8.0/macos/lib/cmake/Qt6Core/Qt6CoreConfig.cmake",
		"/Applications/CLion.app/Contents/bin/cmake/mac/aarch64/share/cmake-3.28/Modules/CMakeFindDependencyMacro.cmake",
		"/Users/stiubedenis/Downloads/Qt/6.8.0/macos/lib/cmake/Qt6Core/Qt6CoreDependencies.cmake",
		"/Users/stiubedenis/Downloads/Qt/6.8.0/macos/lib/cmake/Qt6/FindWrapAtomic.cmake",
		"/Applications/CLion.app/Contents/bin/cmake/mac/aarch64/share/cmake-3.28/Modules/CheckCXXSourceCompiles.cmake",
		"/Applications/CLion.app/Contents/bin/cmake/mac/aarch64/share/cmake-3.28/Modules/FindPackageHandleStandardArgs.cmake",
		"/Applications/CLion.app/Contents/bin/cmake/mac/aarch64/share/cmake-3.28/Modules/FindPackageMessage.cmake",
		"/Users/stiubedenis/Downloads/Qt/6.8.0/macos/lib/cmake/Qt6CoreTools/Qt6CoreToolsConfigVersion.cmake",
		"/Users/stiubedenis/Downloads/Qt/6.8.0/macos/lib/cmake/Qt6CoreTools/Qt6CoreToolsConfigVersionImpl.cmake",
		"/Users/stiubedenis/Downloads/Qt/6.8.0/macos/lib/cmake/Qt6CoreTools/Qt6CoreToolsConfig.cmake",
		"/Applications/CLion.app/Contents/bin/cmake/mac/aarch64/share/cmake-3.28/Modules/CMakeFindDependencyMacro.cmake",
		"/Users/stiubedenis/Downloads/Qt/6.8.0/macos/lib/cmake/Qt6CoreTools/Qt6CoreToolsDependencies.cmake",
		"/Users/stiubedenis/Downloads/Qt/6.8.0/macos/lib/cmake/Qt6CoreTools/Qt6CoreToolsTargets.cmake",
		"/Users/stiubedenis/Downloads/Qt/6.8.0/macos/lib/cmake/Qt6CoreTools/Qt6CoreToolsTargets-relwithdebinfo.cmake",
		"/Users/stiubedenis/Downloads/Qt/6.8.0/macos/lib/cmake/Qt6CoreTools/Qt6CoreToolsAdditionalTargetInfo.cmake",
		"/Users/stiubedenis/Downloads/Qt/6.8.0/macos/lib/cmake/Qt6CoreTools/Qt6CoreToolsVersionlessTargets.cmake",
		"/Users/stiubedenis/Downloads/Qt/6.8.0/macos/lib/cmake/Qt6Core/Qt6CoreTargets.cmake",
		"/Users/stiubedenis/Downloads/Qt/6.8.0/macos/lib/cmake/Qt6Core/Qt6CoreTargets-relwithdebinfo.cmake",
		"/Users/stiubedenis/Downloads/Qt/6.8.0/macos/lib/cmake/Qt6Core/Qt6CoreAdditionalTargetInfo.cmake",
		"/Users/stiubedenis/Downloads/Qt/6.8.0/macos/lib/cmake/Qt6Core/Qt6CoreVersionlessTargets.cmake",
		"/Users/stiubedenis/Downloads/Qt/6.8.0/macos/lib/cmake/Qt6Core/Qt6CoreMacros.cmake",
		"/Users/stiubedenis/Downloads/Qt/6.8.0/macos/lib/cmake/Qt6Core/Qt6CoreConfigExtras.cmake",
		"/Users/stiubedenis/Downloads/Qt/6.8.0/macos/lib/cmake/Qt6Core/QtInstallPaths.cmake",
		"/Applications/CLion.app/Contents/bin/cmake/mac/aarch64/share/cmake-3.28/Modules/GNUInstallDirs.cmake",
		"/Users/stiubedenis/Downloads/Qt/6.8.0/macos/lib/cmake/Qt6Core/Qt6CorePlugins.cmake",
		"/Users/stiubedenis/Downloads/Qt/6.8.0/macos/lib/cmake/Qt6Core/Qt6QDarwinBluetoothPermissionPluginConfig.cmake",
		"/Applications/CLion.app/Contents/bin/cmake/mac/aarch64/share/cmake-3.28/Modules/CMakeFindDependencyMacro.cmake",
		"/Users/stiubedenis/Downloads/Qt/6.8.0/macos/lib/cmake/Qt6Core/Qt6QDarwinBluetoothPermissionPluginDependencies.cmake",
		"/Users/stiubedenis/Downloads/Qt/6.8.0/macos/lib/cmake/Qt6Core/Qt6QDarwinBluetoothPermissionPluginTargets.cmake",
		"/Users/stiubedenis/Downloads/Qt/6.8.0/macos/lib/cmake/Qt6Core/Qt6QDarwinBluetoothPermissionPluginTargets-relwithdebinfo.cmake",
		"/Users/stiubedenis/Downloads/Qt/6.8.0/macos/lib/cmake/Qt6Core/Qt6QDarwinBluetoothPermissionPluginAdditionalTargetInfo.cmake",
		"/Users/stiubedenis/Downloads/Qt/6.8.0/macos/lib/cmake/Qt6Core/Qt6QDarwinCalendarPermissionPluginConfig.cmake",
		"/Applications/CLion.app/Contents/bin/cmake/mac/aarch64/share/cmake-3.28/Modules/CMakeFindDependencyMacro.cmake",
		"/Users/stiubedenis/Downloads/Qt/6.8.0/macos/lib/cmake/Qt6Core/Qt6QDarwinCalendarPermissionPluginDependencies.cmake",
		"/Users/stiubedenis/Downloads/Qt/6.8.0/macos/lib/cmake/Qt6Core/Qt6QDarwinCalendarPermissionPluginTargets.cmake",
		"/Users/stiubedenis/Downloads/Qt/6.8.0/macos/lib/cmake/Qt6Core/Qt6QDarwinCalendarPermissionPluginTargets-relwithdebinfo.cmake",
		"/Users/stiubedenis/Downloads/Qt/6.8.0/macos/lib/cmake/Qt6Core/Qt6QDarwinCalendarPermissionPluginAdditionalTargetInfo.cmake",
		"/Users/stiubedenis/Downloads/Qt/6.8.0/macos/lib/cmake/Qt6Core/Qt6QDarwinCameraPermissionPluginConfig.cmake",
		"/Applications/CLion.app/Contents/bin/cmake/mac/aarch64/share/cmake-3.28/Modules/CMakeFindDependencyMacro.cmake",
		"/Users/stiubedenis/Downloads/Qt/6.8.0/macos/lib/cmake/Qt6Core/Qt6QDarwinCameraPermissionPluginDependencies.cmake",
		"/Users/stiubedenis/Downloads/Qt/6.8.0/macos/lib/cmake/Qt6Core/Qt6QDarwinCameraPermissionPluginTargets.cmake",
		"/Users/stiubedenis/Downloads/Qt/6.8.0/macos/lib/cmake/Qt6Core/Qt6QDarwinCameraPermissionPluginTargets-relwithdebinfo.cmake",
		"/Users/stiubedenis/Downloads/Qt/6.8.0/macos/lib/cmake/Qt6Core/Qt6QDarwinCameraPermissionPluginAdditionalTargetInfo.cmake",
		"/Users/stiubedenis/Downloads/Qt/6.8.0/macos/lib/cmake/Qt6Core/Qt6QDarwinContactsPermissionPluginConfig.cmake",
		"/Applications/CLion.app/Contents/bin/cmake/mac/aarch64/share/cmake-3.28/Modules/CMakeFindDependencyMacro.cmake",
		"/Users/stiubedenis/Downloads/Qt/6.8.0/macos/lib/cmake/Qt6Core/Qt6QDarwinContactsPermissionPluginDependencies.cmake",
		"/Users/stiubedenis/Downloads/Qt/6.8.0/macos/lib/cmake/Qt6Core/Qt6QDarwinContactsPermissionPluginTargets.cmake",
		"/Users/stiubedenis/Downloads/Qt/6.8.0/macos/lib/cmake/Qt6Core/Qt6QDarwinContactsPermissionPluginTargets-relwithdebinfo.cmake",
		"/Users/stiubedenis/Downloads/Qt/6.8.0/macos/lib/cmake/Qt6Core/Qt6QDarwinContactsPermissionPluginAdditionalTargetInfo.cmake",
		"/Users/stiubedenis/Downloads/Qt/6.8.0/macos/lib/cmake/Qt6Core/Qt6QDarwinLocationPermissionPluginConfig.cmake",
		"/Applications/CLion.app/Contents/bin/cmake/mac/aarch64/share/cmake-3.28/Modules/CMakeFindDependencyMacro.cmake",
		"/Users/stiubedenis/Downloads/Qt/6.8.0/macos/lib/cmake/Qt6Core/Qt6QDarwinLocationPermissionPluginDependencies.cmake",
		"/Users/stiubedenis/Downloads/Qt/6.8.0/macos/lib/cmake/Qt6Core/Qt6QDarwinLocationPermissionPluginTargets.cmake",
		"/Users/stiubedenis/Downloads/Qt/6.8.0/macos/lib/cmake/Qt6Core/Qt6QDarwinLocationPermissionPluginTargets-relwithdebinfo.cmake",
		"/Users/stiubedenis/Downloads/Qt/6.8.0/macos/lib/cmake/Qt6Core/Qt6QDarwinLocationPermissionPluginAdditionalTargetInfo.cmake",
		"/Users/stiubedenis/Downloads/Qt/6.8.0/macos/lib/cmake/Qt6Core/Qt6QDarwinMicrophonePermissionPluginConfig.cmake",
		"/Applications/CLion.app/Contents/bin/cmake/mac/aarch64/share/cmake-3.28/Modules/CMakeFindDependencyMacro.cmake",
		"/Users/stiubedenis/Downloads/Qt/6.8.0/macos/lib/cmake/Qt6Core/Qt6QDarwinMicrophonePermissionPluginDependencies.cmake",
		"/Users/stiubedenis/Downloads/Qt/6.8.0/macos/lib/cmake/Qt6Core/Qt6QDarwinMicrophonePermissionPluginTargets.cmake",
		"/Users/stiubedenis/Downloads/Qt/6.8.0/macos/lib/cmake/Qt6Core/Qt6QDarwinMicrophonePermissionPluginTargets-relwithdebinfo.cmake",
		"/Users/stiubedenis/Downloads/Qt/6.8.0/macos/lib/cmake/Qt6Core/Qt6QDarwinMicrophonePermissionPluginAdditionalTargetInfo.cmake",
		"/Users/stiubedenis/Downloads/Qt/6.8.0/macos/lib/cmake/Qt6Gui/Qt6GuiConfigVersion.cmake",
		"/Users/stiubedenis/Downloads/Qt/6.8.0/macos/lib/cmake/Qt6Gui/Qt6GuiConfigVersionImpl.cmake",
		"/Users/stiubedenis/Downloads/Qt/6.8.0/macos/lib/cmake/Qt6Gui/Qt6GuiConfig.cmake",
		"/Applications/CLion.app/Contents/bin/cmake/mac/aarch64/share/cmake-3.28/Modules/CMakeFindDependencyMacro.cmake",
		"/Users/stiubedenis/Downloads/Qt/6.8.0/macos/lib/cmake/Qt6Gui/Qt6GuiDependencies.cmake",
		"/Users/stiubedenis/Downloads/Qt/6.8.0/macos/lib/cmake/Qt6/FindWrapOpenGL.cmake",
		"/Applications/CLion.app/Contents/bin/cmake/mac/aarch64/share/cmake-3.28/Modules/FindOpenGL.cmake",
		"/Applications/CLion.app/Contents/bin/cmake/mac/aarch64/share/cmake-3.28/Modules/FindPackageHandleStandardArgs.cmake",
		"/Applications/CLion.app/Contents/bin/cmake/mac/aarch64/share/cmake-3.28/Modules/FindPackageMessage.cmake",
		"/Applications/CLion.app/Contents/bin/cmake/mac/aarch64/share/cmake-3.28/Modules/FindPackageHandleStandardArgs.cmake",
		"/Applications/CLion.app/Contents/bin/cmake/mac/aarch64/share/cmake-3.28/Modules/FindPackageMessage.cmake",
		"/Users/stiubedenis/Downloads/Qt/6.8.0/macos/lib/cmake/Qt6GuiTools/Qt6GuiToolsConfigVersion.cmake",
		"/Users/stiubedenis/Downloads/Qt/6.8.0/macos/lib/cmake/Qt6GuiTools/Qt6GuiToolsConfigVersionImpl.cmake",
		"/Users/stiubedenis/Downloads/Qt/6.8.0/macos/lib/cmake/Qt6GuiTools/Qt6GuiToolsConfig.cmake",
		"/Applications/CLion.app/Contents/bin/cmake/mac/aarch64/share/cmake-3.28/Modules/CMakeFindDependencyMacro.cmake",
		"/Users/stiubedenis/Downloads/Qt/6.8.0/macos/lib/cmake/Qt6GuiTools/Qt6GuiToolsDependencies.cmake",
		"/Users/stiubedenis/Downloads/Qt/6.8.0/macos/lib/cmake/Qt6GuiTools/Qt6GuiToolsTargets.cmake",
		"/Users/stiubedenis/Downloads/Qt/6.8.0/macos/lib/cmake/Qt6GuiTools/Qt6GuiToolsTargets-relwithdebinfo.cmake",
		"/Users/stiubedenis/Downloads/Qt/6.8.0/macos/lib/cmake/Qt6GuiTools/Qt6GuiToolsAdditionalTargetInfo.cmake",
		"/Users/stiubedenis/Downloads/Qt/6.8.0/macos/lib/cmake/Qt6GuiTools/Qt6GuiToolsVersionlessTargets.cmake",
		"/Users/stiubedenis/Downloads/Qt/6.8.0/macos/lib/cmake/Qt6DBus/Qt6DBusConfigVersion.cmake",
		"/Users/stiubedenis/Downloads/Qt/6.8.0/macos/lib/cmake/Qt6DBus/Qt6DBusConfigVersionImpl.cmake",
		"/Users/stiubedenis/Downloads/Qt/6.8.0/macos/lib/cmake/Qt6DBus/Qt6DBusConfig.cmake",
		"/Applications/CLion.app/Contents/bin/cmake/mac/aarch64/share/cmake-3.28/Modules/CMakeFindDependencyMacro.cmake",
		"/Users/stiubedenis/Downloads/Qt/6.8.0/macos/lib/cmake/Qt6DBus/Qt6DBusDependencies.cmake",
		"/Users/stiubedenis/Downloads/Qt/6.8.0/macos/lib/cmake/Qt6DBusTools/Qt6DBusToolsConfigVersion.cmake",
		"/Users/stiubedenis/Downloads/Qt/6.8.0/macos/lib/cmake/Qt6DBusTools/Qt6DBusToolsConfigVersionImpl.cmake",
		"/Users/stiubedenis/Downloads/Qt/6.8.0/macos/lib/cmake/Qt6DBusTools/Qt6DBusToolsConfig.cmake",
		"/Applications/CLion.app/Contents/bin/cmake/mac/aarch64/share/cmake-3.28/Modules/CMakeFindDependencyMacro.cmake",
		"/Users/stiubedenis/Downloads/Qt/6.8.0/macos/lib/cmake/Qt6DBusTools/Qt6DBusToolsDependencies.cmake",
		"/Users/stiubedenis/Downloads/Qt/6.8.0/macos/lib/cmake/Qt6DBusTools/Qt6DBusToolsTargets.cmake",
		"/Users/stiubedenis/Downloads/Qt/6.8.0/macos/lib/cmake/Qt6DBusTools/Qt6DBusToolsTargets-relwithdebinfo.cmake",
		"/Users/stiubedenis/Downloads/Qt/6.8.0/macos/lib/cmake/Qt6DBusTools/Qt6DBusToolsAdditionalTargetInfo.cmake",
		"/Users/stiubedenis/Downloads/Qt/6.8.0/macos/lib/cmake/Qt6DBusTools/Qt6DBusToolsVersionlessTargets.cmake",
		"/Users/stiubedenis/Downloads/Qt/6.8.0/macos/lib/cmake/Qt6DBus/Qt6DBusTargets.cmake",
		"/Users/stiubedenis/Downloads/Qt/6.8.0/macos/lib/cmake/Qt6DBus/Qt6DBusTargets-relwithdebinfo.cmake",
		"/Users/stiubedenis/Downloads/Qt/6.8.0/macos/lib/cmake/Qt6DBus/Qt6DBusAdditionalTargetInfo.cmake",
		"/Users/stiubedenis/Downloads/Qt/6.8.0/macos/lib/cmake/Qt6DBus/Qt6DBusVersionlessTargets.cmake",
		"/Users/stiubedenis/Downloads/Qt/6.8.0/macos/lib/cmake/Qt6DBus/Qt6DBusMacros.cmake",
		"/Applications/CLion.app/Contents/bin/cmake/mac/aarch64/share/cmake-3.28/Modules/MacroAddFileDependencies.cmake",
		"/Users/stiubedenis/Downloads/Qt/6.8.0/macos/lib/cmake/Qt6Gui/Qt6GuiTargets.cmake",
		"/Users/stiubedenis/Downloads/Qt/6.8.0/macos/lib/cmake/Qt6Gui/Qt6GuiTargets-relwithdebinfo.cmake",
		"/Users/stiubedenis/Downloads/Qt/6.8.0/macos/lib/cmake/Qt6Gui/Qt6GuiAdditionalTargetInfo.cmake",
		"/Users/stiubedenis/Downloads/Qt/6.8.0/macos/lib/cmake/Qt6Gui/Qt6GuiVersionlessTargets.cmake",
		"/Users/stiubedenis/Downloads/Qt/6.8.0/macos/lib/cmake/Qt6Gui/Qt6GuiPlugins.cmake",
		"/Users/stiubedenis/Downloads/Qt/6.8.0/macos/lib/cmake/Qt6Gui/Qt6QCocoaIntegrationPluginConfig.cmake",
		"/Applications/CLion.app/Contents/bin/cmake/mac/aarch64/share/cmake-3.28/Modules/CMakeFindDependencyMacro.cmake",
		"/Users/stiubedenis/Downloads/Qt/6.8.0/macos/lib/cmake/Qt6Gui/Qt6QCocoaIntegrationPluginTargets.cmake",
		"/Users/stiubedenis/Downloads/Qt/6.8.0/macos/lib/cmake/Qt6Gui/Qt6QCocoaIntegrationPluginTargets-relwithdebinfo.cmake",
		"/Users/stiubedenis/Downloads/Qt/6.8.0/macos/lib/cmake/Qt6Gui/Qt6QCocoaIntegrationPluginAdditionalTargetInfo.cmake",
		"/Users/stiubedenis/Downloads/Qt/6.8.0/macos/lib/cmake/Qt6Gui/Qt6QGifPluginConfig.cmake",
		"/Applications/CLion.app/Contents/bin/cmake/mac/aarch64/share/cmake-3.28/Modules/CMakeFindDependencyMacro.cmake",
		"/Users/stiubedenis/Downloads/Qt/6.8.0/macos/lib/cmake/Qt6Gui/Qt6QGifPluginTargets.cmake",
		"/Users/stiubedenis/Downloads/Qt/6.8.0/macos/lib/cmake/Qt6Gui/Qt6QGifPluginTargets-relwithdebinfo.cmake",
		"/Users/stiubedenis/Downloads/Qt/6.8.0/macos/lib/cmake/Qt6Gui/Qt6QGifPluginAdditionalTargetInfo.cmake",
		"/Users/stiubedenis/Downloads/Qt/6.8.0/macos/lib/cmake/Qt6Gui/Qt6QICOPluginConfig.cmake",
		"/Applications/CLion.app/Contents/bin/cmake/mac/aarch64/share/cmake-3.28/Modules/CMakeFindDependencyMacro.cmake",
		"/Users/stiubedenis/Downloads/Qt/6.8.0/macos/lib/cmake/Qt6Gui/Qt6QICOPluginTargets.cmake",
		"/Users/stiubedenis/Downloads/Qt/6.8.0/macos/lib/cmake/Qt6Gui/Qt6QICOPluginTargets-relwithdebinfo.cmake",
		"/Users/stiubedenis/Downloads/Qt/6.8.0/macos/lib/cmake/Qt6Gui/Qt6QICOPluginAdditionalTargetInfo.cmake",
		"/Users/stiubedenis/Downloads/Qt/6.8.0/macos/lib/cmake/Qt6Gui/Qt6QJpegPluginConfig.cmake",
		"/Applications/CLion.app/Contents/bin/cmake/mac/aarch64/share/cmake-3.28/Modules/CMakeFindDependencyMacro.cmake",
		"/Users/stiubedenis/Downloads/Qt/6.8.0/macos/lib/cmake/Qt6Gui/Qt6QJpegPluginTargets.cmake",
		"/Users/stiubedenis/Downloads/Qt/6.8.0/macos/lib/cmake/Qt6Gui/Qt6QJpegPluginTargets-relwithdebinfo.cmake",
		"/Users/stiubedenis/Downloads/Qt/6.8.0/macos/lib/cmake/Qt6Gui/Qt6QJpegPluginAdditionalTargetInfo.cmake",
		"/Users/stiubedenis/Downloads/Qt/6.8.0/macos/lib/cmake/Qt6Gui/Qt6QMinimalIntegrationPluginConfig.cmake",
		"/Applications/CLion.app/Contents/bin/cmake/mac/aarch64/share/cmake-3.28/Modules/CMakeFindDependencyMacro.cmake",
		"/Users/stiubedenis/Downloads/Qt/6.8.0/macos/lib/cmake/Qt6Gui/Qt6QMinimalIntegrationPluginTargets.cmake",
		"/Users/stiubedenis/Downloads/Qt/6.8.0/macos/lib/cmake/Qt6Gui/Qt6QMinimalIntegrationPluginTargets-relwithdebinfo.cmake",
		"/Users/stiubedenis/Downloads/Qt/6.8.0/macos/lib/cmake/Qt6Gui/Qt6QMinimalIntegrationPluginAdditionalTargetInfo.cmake",
		"/Users/stiubedenis/Downloads/Qt/6.8.0/macos/lib/cmake/Qt6Gui/Qt6QOffscreenIntegrationPluginConfig.cmake",
		"/Applications/CLion.app/Contents/bin/cmake/mac/aarch64/share/cmake-3.28/Modules/CMakeFindDependencyMacro.cmake",
		"/Users/stiubedenis/Downloads/Qt/6.8.0/macos/lib/cmake/Qt6Gui/Qt6QOffscreenIntegrationPluginTargets.cmake",
		"/Users/stiubedenis/Downloads/Qt/6.8.0/macos/lib/cmake/Qt6Gui/Qt6QOffscreenIntegrationPluginTargets-relwithdebinfo.cmake",
		"/Users/stiubedenis/Downloads/Qt/6.8.0/macos/lib/cmake/Qt6Gui/Qt6QOffscreenIntegrationPluginAdditionalTargetInfo.cmake",
		"/Users/stiubedenis/Downloads/Qt/6.8.0/macos/lib/cmake/Qt6Gui/Qt6QSvgIconPluginConfig.cmake",
		"/Applications/CLion.app/Contents/bin/cmake/mac/aarch64/share/cmake-3.28/Modules/CMakeFindDependencyMacro.cmake",
		"/Users/stiubedenis/Downloads/Qt/6.8.0/macos/lib/cmake/Qt6Gui/Qt6QSvgIconPluginTargets.cmake",
		"/Users/stiubedenis/Downloads/Qt/6.8.0/macos/lib/cmake/Qt6Gui/Qt6QSvgIconPluginTargets-relwithdebinfo.cmake",
		"/Users/stiubedenis/Downloads/Qt/6.8.0/macos/lib/cmake/Qt6Gui/Qt6QSvgIconPluginAdditionalTargetInfo.cmake",
		"/Users/stiubedenis/Downloads/Qt/6.8.0/macos/lib/cmake/Qt6Gui/Qt6QSvgPluginConfig.cmake",
		"/Applications/CLion.app/Contents/bin/cmake/mac/aarch64/share/cmake-3.28/Modules/CMakeFindDependencyMacro.cmake",
		"/Users/stiubedenis/Downloads/Qt/6.8.0/macos/lib/cmake/Qt6Gui/Qt6QSvgPluginTargets.cmake",
		"/Users/stiubedenis/Downloads/Qt/6.8.0/macos/lib/cmake/Qt6Gui/Qt6QSvgPluginTargets-relwithdebinfo.cmake",
		"/Users/stiubedenis/Downloads/Qt/6.8.0/macos/lib/cmake/Qt6Gui/Qt6QSvgPluginAdditionalTargetInfo.cmake",
		"/Users/stiubedenis/Downloads/Qt/6.8.0/macos/lib/cmake/Qt6Gui/Qt6QTuioTouchPluginConfig.cmake",
		"/Applications/CLion.app/Contents/bin/cmake/mac/aarch64/share/cmake-3.28/Modules/CMakeFindDependencyMacro.cmake",
		"/Users/stiubedenis/Downloads/Qt/6.8.0/macos/lib/cmake/Qt6Gui/Qt6QTuioTouchPluginTargets.cmake",
		"/Users/stiubedenis/Downloads/Qt/6.8.0/macos/lib/cmake/Qt6Gui/Qt6QTuioTouchPluginTargets-relwithdebinfo.cmake",
		"/Users/stiubedenis/Downloads/Qt/6.8.0/macos/lib/cmake/Qt6Gui/Qt6QTuioTouchPluginAdditionalTargetInfo.cmake",
		"/Users/stiubedenis/Downloads/Qt/6.8.0/macos/lib/cmake/Qt6Widgets/Qt6WidgetsConfigVersion.cmake",
		"/Users/stiubedenis/Downloads/Qt/6.8.0/macos/lib/cmake/Qt6Widgets/Qt6WidgetsConfigVersionImpl.cmake",
		"/Users/stiubedenis/Downloads/Qt/6.8.0/macos/lib/cmake/Qt6Widgets/Qt6WidgetsConfig.cmake",
		"/Applications/CLion.app/Contents/bin/cmake/mac/aarch64/share/cmake-3.28/Modules/CMakeFindDependencyMacro.cmake",
		"/Users/stiubedenis/Downloads/Qt/6.8.0/macos/lib/cmake/Qt6Widgets/Qt6WidgetsDependencies.cmake",
		"/Users/stiubedenis/Downloads/Qt/6.8.0/macos/lib/cmake/Qt6WidgetsTools/Qt6WidgetsToolsConfigVersion.cmake",
		"/Users/stiubedenis/Downloads/Qt/6.8.0/macos/lib/cmake/Qt6WidgetsTools/Qt6WidgetsToolsConfigVersionImpl.cmake",
		"/Users/stiubedenis/Downloads/Qt/6.8.0/macos/lib/cmake/Qt6WidgetsTools/Qt6WidgetsToolsConfig.cmake",
		"/Applications/CLion.app/Contents/bin/cmake/mac/aarch64/share/cmake-3.28/Modules/CMakeFindDependencyMacro.cmake",
		"/Users/stiubedenis/Downloads/Qt/6.8.0/macos/lib/cmake/Qt6WidgetsTools/Qt6WidgetsToolsDependencies.cmake",
		"/Users/stiubedenis/Downloads/Qt/6.8.0/macos/lib/cmake/Qt6WidgetsTools/Qt6WidgetsToolsTargets.cmake",
		"/Users/stiubedenis/Downloads/Qt/6.8.0/macos/lib/cmake/Qt6WidgetsTools/Qt6WidgetsToolsTargets-relwithdebinfo.cmake",
		"/Users/stiubedenis/Downloads/Qt/6.8.0/macos/lib/cmake/Qt6WidgetsTools/Qt6WidgetsToolsAdditionalTargetInfo.cmake",
		"/Users/stiubedenis/Downloads/Qt/6.8.0/macos/lib/cmake/Qt6WidgetsTools/Qt6WidgetsToolsVersionlessTargets.cmake",
		"/Users/stiubedenis/Downloads/Qt/6.8.0/macos/lib/cmake/Qt6Widgets/Qt6WidgetsTargets.cmake",
		"/Users/stiubedenis/Downloads/Qt/6.8.0/macos/lib/cmake/Qt6Widgets/Qt6WidgetsTargets-relwithdebinfo.cmake",
		"/Users/stiubedenis/Downloads/Qt/6.8.0/macos/lib/cmake/Qt6Widgets/Qt6WidgetsAdditionalTargetInfo.cmake",
		"/Users/stiubedenis/Downloads/Qt/6.8.0/macos/lib/cmake/Qt6Widgets/Qt6WidgetsVersionlessTargets.cmake",
		"/Users/stiubedenis/Downloads/Qt/6.8.0/macos/lib/cmake/Qt6Widgets/Qt6WidgetsMacros.cmake",
		"/Users/stiubedenis/Downloads/Qt/6.8.0/macos/lib/cmake/Qt6Widgets/Qt6WidgetsPlugins.cmake",
		"/Users/stiubedenis/Downloads/Qt/6.8.0/macos/lib/cmake/Qt6Widgets/Qt6QMacStylePluginConfig.cmake",
		"/Applications/CLion.app/Contents/bin/cmake/mac/aarch64/share/cmake-3.28/Modules/CMakeFindDependencyMacro.cmake",
		"/Users/stiubedenis/Downloads/Qt/6.8.0/macos/lib/cmake/Qt6Widgets/Qt6QMacStylePluginTargets.cmake",
		"/Users/stiubedenis/Downloads/Qt/6.8.0/macos/lib/cmake/Qt6Widgets/Qt6QMacStylePluginTargets-relwithdebinfo.cmake",
		"/Users/stiubedenis/Downloads/Qt/6.8.0/macos/lib/cmake/Qt6Widgets/Qt6QMacStylePluginAdditionalTargetInfo.cmake"
	],
	"CMAKE_SOURCE_DIR" : "/Users/stiubedenis/Desktop/Facultate/Teme/Semestrul 2/OOP/simulareOficial",
	"DEP_FILE" : "/Users/stiubedenis/Desktop/Facultate/Teme/Semestrul 2/OOP/simulareOficial/cmake-build-debug-coverage/simulareOficial_autogen/deps",
	"DEP_FILE_RULE_NAME" : "simulareOficial_autogen/timestamp",
	"HEADERS" : 
	[
		[
			"/Users/stiubedenis/Desktop/Facultate/Teme/Semestrul 2/OOP/simulareOficial/domain/Elev.h",
			"MU",
			"ZIYP446TXO/moc_Elev.cpp",
			null
		],
		[
			"/Users/stiubedenis/Desktop/Facultate/Teme/Semestrul 2/OOP/simulareOficial/gui/GUI.h",
			"MU",
			"DMHXEJ42XS/moc_GUI.cpp",
			null
		],
		[
			"/Users/stiubedenis/Desktop/Facultate/Teme/Semestrul 2/OOP/simulareOficial/repository/Lista.h",
			"MU",
			"V6MOHEPR4H/moc_Lista.cpp",
			null
		],
		[
			"/Users/stiubedenis/Desktop/Facultate/Teme/Semestrul 2/OOP/simulareOficial/service/Service.h",
			"MU",
			"EZIERFRHL2/moc_Service.cpp",
			null
		],
		[
			"/Users/stiubedenis/Desktop/Facultate/Teme/Semestrul 2/OOP/simulareOficial/teste/teste.h",
			"MU",
			"7DXPY2LUYT/moc_teste.cpp",
			null
		],
		[
			"/Users/stiubedenis/Desktop/Facultate/Teme/Semestrul 2/OOP/simulareOficial/utils/utils.h",
			"MU",
			"7HEHEGDA3T/moc_utils.cpp",
			null
		]
	],
	"HEADER_EXTENSIONS" : [ "h", "hh", "h++", "hm", "hpp", "hxx", "in", "txx" ],
	"INCLUDE_DIR" : "/Users/stiubedenis/Desktop/Facultate/Teme/Semestrul 2/OOP/simulareOficial/cmake-build-debug-coverage/simulareOficial_autogen/include",
	"MOC_COMPILATION_FILE" : "/Users/stiubedenis/Desktop/Facultate/Teme/Semestrul 2/OOP/simulareOficial/cmake-build-debug-coverage/simulareOficial_autogen/mocs_compilation.cpp",
	"MOC_DEFINITIONS" : [ "QT_CORE_LIB", "QT_GUI_LIB", "QT_WIDGETS_LIB" ],
	"MOC_DEPEND_FILTERS" : 
	[
		[
			"Q_PLUGIN_METADATA",
			"[\n][ \t]*Q_PLUGIN_METADATA[ \t]*\\([^\\)]*FILE[ \t]*\"([^\"]+)\""
		]
	],
	"MOC_INCLUDES" : 
	[
		"/Users/stiubedenis/Downloads/Qt/6.8.0/macos/lib/QtCore.framework/Headers",
		"/Users/stiubedenis/Downloads/Qt/6.8.0/macos/lib/QtCore.framework",
		"/Users/stiubedenis/Downloads/Qt/6.8.0/macos/mkspecs/macx-clang",
		"/Users/stiubedenis/Downloads/Qt/6.8.0/macos/include",
		"/Users/stiubedenis/Downloads/Qt/6.8.0/macos/lib/QtGui.framework/Headers",
		"/Users/stiubedenis/Downloads/Qt/6.8.0/macos/lib/QtGui.framework",
		"/Users/stiubedenis/Downloads/Qt/6.8.0/macos/lib/QtWidgets.framework/Headers",
		"/Users/stiubedenis/Downloads/Qt/6.8.0/macos/lib/QtWidgets.framework",
		"/Library/Developer/CommandLineTools/SDKs/MacOSX14.4.sdk/usr/include/c++/v1",
		"/Library/Developer/CommandLineTools/usr/lib/clang/15.0.0/include",
		"/Library/Developer/CommandLineTools/SDKs/MacOSX14.4.sdk/usr/include",
		"/Library/Developer/CommandLineTools/usr/include"
	],
	"MOC_MACRO_NAMES" : [ "Q_OBJECT", "Q_GADGET", "Q_NAMESPACE", "Q_NAMESPACE_EXPORT" ],
	"MOC_OPTIONS" : [],
	"MOC_PATH_PREFIX" : false,
	"MOC_PREDEFS_CMD" : 
	[
		"/Library/Developer/CommandLineTools/usr/bin/c++",
		"-std=gnu++17",
		"-dM",
		"-E",
		"-c",
		"/Applications/CLion.app/Contents/bin/cmake/mac/aarch64/share/cmake-3.28/Modules/CMakeCXXCompilerABI.cpp"
	],
	"MOC_PREDEFS_FILE" : "/Users/stiubedenis/Desktop/Facultate/Teme/Semestrul 2/OOP/simulareOficial/cmake-build-debug-coverage/simulareOficial_autogen/moc_predefs.h",
	"MOC_RELAXED_MODE" : false,
	"MOC_SKIP" : [],
	"MULTI_CONFIG" : false,
	"PARALLEL" : 8,
	"PARSE_CACHE_FILE" : "/Users/stiubedenis/Desktop/Facultate/Teme/Semestrul 2/OOP/simulareOficial/cmake-build-debug-coverage/CMakeFiles/simulareOficial_autogen.dir/ParseCache.txt",
	"QT_MOC_EXECUTABLE" : "/Users/stiubedenis/Downloads/Qt/6.8.0/macos/./libexec/moc",
	"QT_UIC_EXECUTABLE" : "/Users/stiubedenis/Downloads/Qt/6.8.0/macos/./libexec/uic",
	"QT_VERSION_MAJOR" : 6,
	"QT_VERSION_MINOR" : 8,
	"SETTINGS_FILE" : "/Users/stiubedenis/Desktop/Facultate/Teme/Semestrul 2/OOP/simulareOficial/cmake-build-debug-coverage/CMakeFiles/simulareOficial_autogen.dir/AutogenUsed.txt",
	"SOURCES" : 
	[
		[
			"/Users/stiubedenis/Desktop/Facultate/Teme/Semestrul 2/OOP/simulareOficial/domain/Elev.cpp",
			"MU",
			null
		],
		[
			"/Users/stiubedenis/Desktop/Facultate/Teme/Semestrul 2/OOP/simulareOficial/gui/GUI.cpp",
			"MU",
			null
		],
		[
			"/Users/stiubedenis/Desktop/Facultate/Teme/Semestrul 2/OOP/simulareOficial/main.cpp",
			"MU",
			null
		],
		[
			"/Users/stiubedenis/Desktop/Facultate/Teme/Semestrul 2/OOP/simulareOficial/repository/Lista.cpp",
			"MU",
			null
		],
		[
			"/Users/stiubedenis/Desktop/Facultate/Teme/Semestrul 2/OOP/simulareOficial/service/Service.cpp",
			"MU",
			null
		],
		[
			"/Users/stiubedenis/Desktop/Facultate/Teme/Semestrul 2/OOP/simulareOficial/teste/teste.cpp",
			"MU",
			null
		],
		[
			"/Users/stiubedenis/Desktop/Facultate/Teme/Semestrul 2/OOP/simulareOficial/utils/utils.cpp",
			"MU",
			null
		]
	],
	"UIC_OPTIONS" : [],
	"UIC_SEARCH_PATHS" : [],
	"UIC_SKIP" : [],
	"UIC_UI_FILES" : [],
	"VERBOSITY" : 0
}
