{"data":[{"files":[{"branches":[[34,9,34,32,7,0,0,0,4],[34,36,34,51,7,0,0,0,4],[34,55,34,82,7,0,0,0,4],[34,86,34,103,7,0,0,0,4]],"expansions":[],"filename":"/Users/stiubedenis/Desktop/Facultate/Teme/Semestrul 2/OOP/lab_7/Domain/medicament.cpp","segments":[[9,40,13,true,true,false],[11,2,0,false,false,false],[13,36,12,true,true,false],[15,2,0,false,false,false],[17,42,11,true,true,false],[19,2,0,false,false,false],[21,37,11,true,true,false],[23,2,0,false,false,false],[25,49,1,true,true,false],[27,2,0,false,false,false],[29,51,1,true,true,false],[31,2,0,false,false,false],[33,51,7,true,true,false],[34,9,7,true,true,false],[34,32,7,true,false,false],[34,36,7,true,true,false],[34,51,7,true,false,false],[34,55,7,true,true,false],[34,82,7,true,false,false],[34,86,7,true,true,false],[34,103,7,true,false,false],[35,9,7,true,true,false],[35,20,7,true,false,false],[35,21,0,true,false,true],[36,5,0,true,true,false],[36,17,7,true,false,false],[37,2,0,false,false,false],[39,51,0,true,true,false],[41,2,0,false,false,false]],"summary":{"branches":{"count":8,"covered":4,"notcovered":4,"percent":50},"functions":{"count":8,"covered":7,"percent":87.5},"instantiations":{"count":8,"covered":7,"percent":87.5},"lines":{"count":26,"covered":22,"percent":84.615384615384613},"regions":{"count":17,"covered":15,"notcovered":2,"percent":88.235294117647058}}},{"branches":[],"expansions":[],"filename":"/Users/stiubedenis/Desktop/Facultate/Teme/Semestrul 2/OOP/lab_7/Domain/medicament.h","segments":[[29,26,129,true,true,false],[29,27,0,false,false,false],[32,125,4,true,true,false],[34,6,0,false,false,false],[37,151,40,true,true,false],[38,1,0,false,true,false],[38,1,40,true,false,false],[39,6,0,false,false,false]],"summary":{"branches":{"count":0,"covered":0,"notcovered":0,"percent":0},"functions":{"count":3,"covered":3,"percent":100},"instantiations":{"count":3,"covered":3,"percent":100},"lines":{"count":6,"covered":6,"percent":100},"regions":{"count":3,"covered":3,"notcovered":0,"percent":100}}},{"branches":[[69,9,69,28,11,4,0,0,4],[76,9,76,28,2,1,0,0,4]],"expansions":[],"filename":"/Users/stiubedenis/Desktop/Facultate/Teme/Semestrul 2/OOP/lab_7/List/iterator.h","segments":[[16,52,1,true,true,false],[16,54,0,false,false,false],[17,97,16,true,true,false],[17,99,0,false,false,false],[41,54,11,true,true,false],[44,2,0,false,false,false],[47,67,3,true,true,false],[50,2,0,false,false,false],[53,33,4,true,true,false],[55,2,0,false,false,false],[58,36,2,true,true,false],[60,2,0,false,false,false],[63,43,14,true,true,false],[65,2,0,false,false,false],[68,67,15,true,true,false],[69,9,15,true,true,false],[69,28,15,true,false,false],[69,29,11,true,false,true],[70,9,11,true,true,false],[70,20,15,true,false,false],[70,21,4,true,false,true],[71,5,4,true,true,false],[71,17,15,true,false,false],[72,2,0,false,false,false],[75,67,3,true,true,false],[76,9,3,true,true,false],[76,28,3,true,false,false],[76,29,2,true,false,true],[77,9,2,true,true,false],[77,20,3,true,false,false],[77,21,1,true,false,true],[78,5,1,true,true,false],[78,17,3,true,false,false],[79,2,0,false,false,false]],"summary":{"branches":{"count":4,"covered":4,"notcovered":0,"percent":100},"functions":{"count":9,"covered":9,"percent":100},"instantiations":{"count":9,"covered":9,"percent":100},"lines":{"count":29,"covered":29,"percent":100},"regions":{"count":15,"covered":15,"notcovered":0,"percent":100}}},{"branches":[[94,9,94,20,1,37,0,0,4],[84,21,84,29,5,1,0,0,4],[101,29,101,39,3,3,0,0,4],[61,21,61,32,19,12,0,0,4]],"expansions":[],"filename":"/Users/stiubedenis/Desktop/Facultate/Teme/Semestrul 2/OOP/lab_7/List/list.h","segments":[[23,64,20,true,true,false],[23,66,0,false,false,false],[35,40,1,true,true,false],[37,6,0,false,false,false],[39,31,10,true,true,false],[41,6,0,false,false,false],[43,29,6,true,true,false],[45,6,0,false,false,false],[51,21,32,true,true,false],[53,6,0,false,false,false],[57,75,12,true,true,false],[61,21,31,true,true,false],[61,32,12,true,false,false],[61,34,19,true,true,false],[61,37,12,true,false,false],[61,38,19,true,true,false],[63,6,12,true,false,false],[64,2,0,false,false,false],[67,40,51,true,true,false],[69,2,0,false,false,false],[72,39,2,true,true,false],[74,2,0,false,false,false],[77,68,42,true,true,false],[79,2,0,false,false,false],[82,39,1,true,true,false],[84,21,6,true,true,false],[84,29,1,true,false,false],[84,31,5,true,true,false],[84,34,1,true,false,false],[84,35,5,true,true,false],[86,6,1,true,false,false],[90,2,0,false,false,false],[93,74,38,true,true,false],[94,9,38,true,true,false],[94,20,38,true,false,false],[94,21,1,true,false,true],[95,9,1,true,true,false],[95,16,38,true,false,false],[97,2,0,false,false,false],[100,67,3,true,true,false],[101,29,6,true,true,false],[101,39,3,true,false,false],[101,41,3,true,true,false],[101,44,3,true,false,false],[101,45,3,true,true,false],[103,6,3,true,false,false],[105,2,0,false,false,false]],"summary":{"branches":{"count":8,"covered":8,"notcovered":0,"percent":100},"functions":{"count":12,"covered":12,"percent":100},"instantiations":{"count":12,"covered":12,"percent":100},"lines":{"count":50,"covered":50,"percent":100},"regions":{"count":23,"covered":23,"notcovered":0,"percent":100}}},{"branches":[],"expansions":[],"filename":"/Users/stiubedenis/Desktop/Facultate/Teme/Semestrul 2/OOP/lab_7/Repository/repository.cpp","segments":[[7,65,25,true,true,false],[9,2,0,false,false,false],[11,51,2,true,true,false],[13,2,0,false,false,false],[15,68,2,true,true,false],[19,2,0,false,false,false],[21,70,2,true,true,false],[25,2,0,false,false,false],[27,52,3,true,true,false],[29,2,0,false,false,false],[31,54,12,true,true,false],[33,2,0,false,false,false]],"summary":{"branches":{"count":0,"covered":0,"notcovered":0,"percent":0},"functions":{"count":6,"covered":6,"percent":100},"instantiations":{"count":6,"covered":6,"percent":100},"lines":{"count":22,"covered":22,"percent":100},"regions":{"count":6,"covered":6,"notcovered":0,"percent":100}}},{"branches":[],"expansions":[],"filename":"/Users/stiubedenis/Desktop/Facultate/Teme/Semestrul 2/OOP/lab_7/Repository/repository.h","segments":[[22,26,16,true,true,false],[22,27,0,false,false,false],[49,18,38,true,true,false],[51,6,0,false,false,false]],"summary":{"branches":{"count":0,"covered":0,"notcovered":0,"percent":0},"functions":{"count":2,"covered":2,"percent":100},"instantiations":{"count":2,"covered":2,"percent":100},"lines":{"count":4,"covered":4,"percent":100},"regions":{"count":2,"covered":2,"notcovered":0,"percent":100}}},{"branches":[[28,24,28,25,2,1,0,0,4],[29,13,29,40,1,1,0,0,4],[29,13,29,75,1,1,0,0,4],[29,44,29,75,1,0,0,0,4],[37,24,37,25,3,1,0,0,4],[38,13,38,32,2,1,0,0,4],[46,24,46,25,3,1,0,0,4],[47,13,47,34,2,1,0,0,4]],"expansions":[],"filename":"/Users/stiubedenis/Desktop/Facultate/Teme/Semestrul 2/OOP/lab_7/Service/service.cpp","segments":[[9,50,16,true,true,false],[12,2,0,false,false,false],[14,48,1,true,true,false],[16,2,0,false,false,false],[18,65,1,true,true,false],[20,2,0,false,false,false],[22,67,1,true,true,false],[24,2,0,false,false,false],[26,86,2,true,true,false],[28,38,2,true,true,false],[29,13,2,true,true,false],[29,40,2,true,false,false],[29,44,1,true,true,false],[29,75,2,true,false,false],[29,76,1,true,false,true],[30,13,1,true,true,false],[30,24,2,true,false,false],[31,6,1,true,false,true],[32,5,1,true,true,false],[32,17,2,true,false,false],[33,2,0,false,false,false],[35,73,1,true,true,false],[37,35,3,true,true,false],[38,13,3,true,true,false],[38,32,3,true,false,false],[38,33,2,true,false,true],[39,13,2,true,true,false],[39,45,3,true,false,false],[40,6,1,true,false,false],[42,2,0,false,false,false],[44,75,1,true,true,false],[46,35,3,true,true,false],[47,13,3,true,true,false],[47,34,3,true,false,false],[47,35,2,true,false,true],[48,13,2,true,true,false],[48,45,3,true,false,false],[49,6,1,true,false,false],[51,2,0,false,false,false]],"summary":{"branches":{"count":16,"covered":15,"notcovered":1,"percent":93.75},"functions":{"count":7,"covered":7,"percent":100},"instantiations":{"count":7,"covered":7,"percent":100},"lines":{"count":37,"covered":37,"percent":100},"regions":{"count":19,"covered":19,"notcovered":0,"percent":100}}},{"branches":[],"expansions":[],"filename":"/Users/stiubedenis/Desktop/Facultate/Teme/Semestrul 2/OOP/lab_7/Service/service.h","segments":[[23,54,10,true,true,false],[23,56,0,false,false,false],[52,45,11,true,true,false],[54,6,0,false,false,false],[68,24,24,true,true,false],[70,6,0,false,false,false]],"summary":{"branches":{"count":0,"covered":0,"notcovered":0,"percent":0},"functions":{"count":3,"covered":3,"percent":100},"instantiations":{"count":3,"covered":3,"percent":100},"lines":{"count":7,"covered":7,"percent":100},"regions":{"count":3,"covered":3,"notcovered":0,"percent":100}}},{"branches":[[257,24,257,25,3,1,0,0,4]],"expansions":[],"filename":"/Users/stiubedenis/Desktop/Facultate/Teme/Semestrul 2/OOP/lab_7/Tests/tests.cpp","segments":[[7,18,1,true,true,false],[9,37,1,true,false,true],[10,11,1,true,true,false],[10,33,1,true,false,true],[11,11,1,true,true,false],[11,39,1,true,false,true],[12,11,1,true,true,false],[12,34,1,true,false,true],[13,5,1,true,true,false],[14,31,1,true,false,true],[15,5,1,true,true,false],[16,35,1,true,false,true],[17,5,1,true,true,false],[19,1,0,false,true,false],[19,1,1,true,false,false],[20,2,0,false,false,false],[21,19,1,true,true,false],[23,32,1,true,false,true],[24,5,1,true,true,false],[26,32,1,true,false,true],[27,11,1,true,true,false],[28,2,0,false,false,false],[30,22,1,true,true,false],[32,32,1,true,false,true],[33,5,1,true,true,false],[35,32,1,true,false,true],[36,5,1,true,true,false],[38,2,0,false,false,false],[40,26,1,true,true,false],[42,32,1,true,false,true],[43,5,1,true,true,false],[45,32,1,true,false,true],[46,5,1,true,true,false],[48,2,0,false,false,false],[50,27,1,true,true,false],[52,32,1,true,false,true],[53,5,1,true,true,false],[55,32,1,true,false,true],[56,5,1,true,true,false],[58,2,0,false,false,false],[60,23,1,true,true,false],[62,32,1,true,false,true],[63,5,1,true,true,false],[68,2,0,false,false,false],[70,22,1,true,true,false],[72,32,1,true,false,true],[73,5,1,true,true,false],[77,32,1,true,false,true],[78,5,1,true,true,false],[79,39,1,true,false,true],[80,11,1,true,true,false],[80,43,1,true,false,true],[81,11,1,true,true,false],[81,51,1,true,false,true],[82,5,1,true,true,false],[84,32,1,true,false,true],[85,11,1,true,true,false],[86,2,0,false,false,false],[89,22,1,true,true,false],[96,2,0,false,false,false],[98,22,1,true,true,false],[101,35,1,true,false,true],[102,5,1,true,true,false],[103,35,1,true,false,true],[104,5,1,true,true,false],[105,35,1,true,false,true],[106,11,1,true,true,false],[107,2,0,false,false,false],[109,25,1,true,true,false],[112,35,1,true,false,true],[113,5,1,true,true,false],[114,35,1,true,false,true],[115,11,1,true,true,false],[115,51,1,true,false,true],[116,5,1,true,true,false],[118,2,0,false,false,false],[120,29,1,true,true,false],[123,35,1,true,false,true],[124,5,1,true,true,false],[125,35,1,true,false,true],[126,11,1,true,true,false],[126,51,1,true,false,true],[127,5,1,true,true,false],[129,2,0,false,false,false],[131,30,1,true,true,false],[134,35,1,true,false,true],[135,5,1,true,true,false],[136,35,1,true,false,true],[137,11,1,true,true,false],[137,51,1,true,false,true],[138,5,1,true,true,false],[140,2,0,false,false,false],[142,26,1,true,true,false],[145,35,1,true,false,true],[146,5,1,true,true,false],[147,35,1,true,false,true],[148,11,1,true,true,false],[148,55,1,true,false,true],[149,11,1,true,true,false],[150,2,0,false,false,false],[152,29,1,true,true,false],[155,35,1,true,false,true],[156,5,1,true,true,false],[157,35,1,true,false,true],[158,5,1,true,true,false],[160,35,1,true,false,true],[161,5,1,true,true,false],[162,41,1,true,false,true],[163,11,1,true,true,false],[163,35,1,true,false,true],[164,11,1,true,true,false],[164,51,1,true,false,true],[165,11,1,true,true,false],[166,2,0,false,false,false],[168,30,1,true,true,false],[171,35,1,true,false,true],[172,5,1,true,true,false],[173,35,1,true,false,true],[174,5,1,true,true,false],[176,35,1,true,false,true],[177,5,1,true,true,false],[178,41,1,true,false,true],[179,11,1,true,true,false],[179,35,1,true,false,true],[180,11,1,true,true,false],[180,51,1,true,false,true],[181,11,1,true,true,false],[182,2,0,false,false,false],[184,25,1,true,true,false],[187,35,1,true,false,true],[188,5,1,true,true,false],[190,35,1,true,false,true],[191,5,1,true,true,false],[192,31,1,true,false,true],[193,11,1,true,true,false],[193,41,1,true,false,true],[194,11,1,true,true,false],[195,2,0,false,false,false],[197,26,1,true,true,false],[200,35,1,true,false,true],[201,5,1,true,true,false],[204,2,0,false,false,false],[206,25,1,true,true,false],[208,29,1,true,false,true],[209,11,1,true,true,false],[209,28,1,true,false,true],[210,5,1,true,true,false],[212,29,1,true,false,true],[213,5,1,true,true,false],[215,29,1,true,false,true],[216,11,1,true,true,false],[216,23,1,true,false,true],[217,11,1,true,true,false],[217,23,1,true,false,true],[218,5,1,true,true,false],[226,29,1,true,false,true],[227,11,1,true,true,false],[227,29,1,true,false,true],[228,5,1,true,true,false],[229,29,1,true,false,true],[230,11,1,true,true,false],[231,2,0,false,false,false],[233,20,1,true,true,false],[237,29,1,true,false,true],[238,5,1,true,true,false],[240,29,1,true,false,true],[241,5,1,true,true,false],[243,28,1,true,false,true],[244,11,1,true,true,false],[244,22,1,true,false,true],[245,5,1,true,true,false],[246,22,1,true,false,true],[247,5,1,true,true,false],[248,26,1,true,false,true],[249,11,1,true,true,false],[249,31,1,true,false,true],[250,5,1,true,true,false],[252,22,1,true,false,true],[253,5,1,true,true,false],[256,29,1,true,false,true],[257,5,1,true,true,false],[257,28,3,true,true,false],[259,6,1,true,false,true],[260,5,1,true,true,false],[261,2,0,false,false,false],[264,19,1,true,true,false],[274,2,0,false,false,false],[276,16,1,true,true,false],[282,2,0,false,false,false]],"summary":{"branches":{"count":2,"covered":2,"notcovered":0,"percent":100},"functions":{"count":21,"covered":21,"percent":100},"instantiations":{"count":21,"covered":21,"percent":100},"lines":{"count":254,"covered":254,"percent":100},"regions":{"count":94,"covered":94,"notcovered":0,"percent":100}}},{"branches":[[29,9,29,16,0,0,0,0,4],[29,20,29,37,0,0,0,0,4],[43,9,43,47,0,0,0,0,4],[54,9,54,16,0,0,0,0,4],[54,20,54,37,0,0,0,0,4],[69,9,69,16,0,0,0,0,4],[69,20,69,37,0,0,0,0,4],[84,9,84,37,0,0,0,0,4],[88,29,88,30,0,0,0,0,4],[104,9,104,37,0,0,0,0,4],[108,29,108,30,0,0,0,0,4],[124,9,124,25,0,0,0,0,4],[128,29,128,30,0,0,0,0,4],[152,12,152,16,0,0,0,0,4],[158,17,158,24,0,0,0,0,4],[159,13,159,19,0,0,0,0,4],[162,13,162,19,0,0,0,0,4],[165,13,165,19,0,0,0,0,4],[168,13,168,19,0,0,0,0,4],[171,13,171,19,0,0,0,0,4],[174,13,174,19,0,0,0,0,4],[177,13,177,19,0,0,0,0,4],[180,13,180,19,0,0,0,0,4],[183,13,183,19,0,0,0,0,4],[186,13,186,20,0,0,0,0,4]],"expansions":[],"filename":"/Users/stiubedenis/Desktop/Facultate/Teme/Semestrul 2/OOP/lab_7/UI/ui.cpp","segments":[[10,26,0,true,true,false],[23,2,0,false,false,false],[25,29,0,true,true,false],[29,9,0,true,true,false],[29,16,0,true,false,false],[29,20,0,true,true,false],[29,37,0,true,false,false],[30,9,0,true,true,false],[30,36,0,true,false,false],[31,9,0,true,true,false],[34,6,0,true,false,false],[35,2,0,false,false,false],[37,27,0,true,true,false],[43,9,0,true,true,false],[43,47,0,true,false,false],[44,9,0,true,true,false],[44,46,0,true,false,false],[46,9,0,true,true,false],[46,51,0,true,false,false],[47,2,0,false,false,false],[49,23,0,true,true,false],[54,9,0,true,true,false],[54,16,0,true,false,false],[54,20,0,true,true,false],[54,37,0,true,false,false],[55,9,0,true,true,false],[55,36,0,true,false,false],[56,9,0,true,true,false],[61,6,0,true,false,false],[62,2,0,false,false,false],[64,23,0,true,true,false],[69,9,0,true,true,false],[69,16,0,true,false,false],[69,20,0,true,true,false],[69,37,0,true,false,false],[70,9,0,true,true,false],[70,36,0,true,false,false],[71,9,0,true,true,false],[76,6,0,true,false,false],[77,2,0,false,false,false],[79,23,0,true,true,false],[84,9,0,true,true,false],[84,37,0,true,false,false],[85,9,0,true,true,false],[85,55,0,true,false,false],[86,9,0,true,true,false],[88,45,0,true,false,true],[88,46,0,true,true,false],[94,10,0,true,false,false],[97,2,0,false,false,false],[99,24,0,true,true,false],[104,9,0,true,true,false],[104,37,0,true,false,false],[105,9,0,true,true,false],[105,62,0,true,false,false],[106,9,0,true,true,false],[108,45,0,true,false,true],[108,46,0,true,true,false],[114,10,0,true,false,false],[117,2,0,false,false,false],[119,48,0,true,true,false],[121,2,0,false,false,false],[123,21,0,true,true,false],[124,9,0,true,true,false],[124,25,0,true,false,false],[125,9,0,true,true,false],[125,50,0,true,false,false],[126,10,0,true,true,false],[128,42,0,true,false,true],[128,43,0,true,true,false],[134,10,0,true,false,false],[137,2,0,false,false,false],[139,23,0,true,true,false],[145,2,0,false,false,false],[147,18,0,true,true,false],[149,2,0,false,false,false],[151,16,0,true,true,false],[152,12,0,true,true,false],[152,16,0,true,false,false],[152,17,0,true,true,false],[158,25,0,true,false,true],[159,13,0,true,true,false],[161,22,0,true,false,true],[162,13,0,true,true,false],[164,22,0,true,false,true],[165,13,0,true,true,false],[167,22,0,true,false,true],[168,13,0,true,true,false],[170,22,0,true,false,true],[171,13,0,true,true,false],[173,22,0,true,false,true],[174,13,0,true,true,false],[176,22,0,true,false,true],[177,13,0,true,true,false],[179,22,0,true,false,true],[180,13,0,true,true,false],[182,22,0,true,false,true],[183,13,0,true,true,false],[185,22,0,true,false,true],[186,13,0,true,true,false],[187,23,0,true,false,false],[190,2,0,false,false,false]],"summary":{"branches":{"count":48,"covered":0,"notcovered":48,"percent":0},"functions":{"count":12,"covered":0,"percent":0},"instantiations":{"count":12,"covered":0,"percent":0},"lines":{"count":170,"covered":0,"percent":0},"regions":{"count":54,"covered":0,"notcovered":54,"percent":0}}},{"branches":[],"expansions":[],"filename":"/Users/stiubedenis/Desktop/Facultate/Teme/Semestrul 2/OOP/lab_7/UI/ui.h","segments":[[16,37,1,true,true,false],[17,1,0,false,true,false],[17,1,1,true,false,false],[18,6,0,false,false,false]],"summary":{"branches":{"count":0,"covered":0,"notcovered":0,"percent":0},"functions":{"count":1,"covered":1,"percent":100},"instantiations":{"count":1,"covered":1,"percent":100},"lines":{"count":2,"covered":2,"percent":100},"regions":{"count":1,"covered":1,"notcovered":0,"percent":100}}},{"branches":[],"expansions":[],"filename":"/Users/stiubedenis/Desktop/Facultate/Teme/Semestrul 2/OOP/lab_7/main.cpp","segments":[[7,12,1,true,true,false],[11,1,0,false,true,false],[11,21,1,true,false,false],[14,2,0,false,false,false]],"summary":{"branches":{"count":0,"covered":0,"notcovered":0,"percent":0},"functions":{"count":1,"covered":1,"percent":100},"instantiations":{"count":1,"covered":1,"percent":100},"lines":{"count":7,"covered":7,"percent":100},"regions":{"count":1,"covered":1,"notcovered":0,"percent":100}}}],"functions":[{"branches":[],"count":1,"filenames":["/Users/stiubedenis/Desktop/Facultate/Teme/Semestrul 2/OOP/lab_7/main.cpp"],"name":"main","regions":[[7,12,14,2,1,0,0,0],[11,1,11,21,0,0,0,2]]},{"branches":[],"count":16,"filenames":["/Users/stiubedenis/Desktop/Facultate/Teme/Semestrul 2/OOP/lab_7/Repository/repository.h"],"name":"_ZN10RepositoryC2Ev","regions":[[22,26,22,27,16,0,0,0]]},{"branches":[],"count":20,"filenames":["/Users/stiubedenis/Desktop/Facultate/Teme/Semestrul 2/OOP/lab_7/List/list.h"],"name":"_ZN13VectorDinamicI10MedicamentEC2Ev","regions":[[23,64,23,66,20,0,0,0]]},{"branches":[],"count":129,"filenames":["/Users/stiubedenis/Desktop/Facultate/Teme/Semestrul 2/OOP/lab_7/Domain/medicament.h"],"name":"_ZN10MedicamentC2Ev","regions":[[29,26,29,27,129,0,0,0]]},{"branches":[],"count":10,"filenames":["/Users/stiubedenis/Desktop/Facultate/Teme/Semestrul 2/OOP/lab_7/Service/service.h"],"name":"_ZN7ServiceC2ER10Repository","regions":[[23,54,23,56,10,0,0,0]]},{"branches":[],"count":1,"filenames":["/Users/stiubedenis/Desktop/Facultate/Teme/Semestrul 2/OOP/lab_7/UI/ui.h"],"name":"_ZN2UIC2ER7Service","regions":[[16,37,18,6,1,0,0,0],[17,1,17,1,0,0,0,2]]},{"branches":[],"count":32,"filenames":["/Users/stiubedenis/Desktop/Facultate/Teme/Semestrul 2/OOP/lab_7/List/list.h"],"name":"_ZN13VectorDinamicI10MedicamentED2Ev","regions":[[51,21,53,6,32,0,0,0]]},{"branches":[],"count":4,"filenames":["/Users/stiubedenis/Desktop/Facultate/Teme/Semestrul 2/OOP/lab_7/Domain/medicament.h"],"name":"_ZN10MedicamentC2ERKS_","regions":[[32,125,34,6,4,0,0,0]]},{"branches":[],"count":40,"filenames":["/Users/stiubedenis/Desktop/Facultate/Teme/Semestrul 2/OOP/lab_7/Domain/medicament.h"],"name":"_ZN10MedicamentC2ENSt3__112basic_stringIcNS0_11char_traitsIcEENS0_9allocatorIcEEEEdS6_S6_","regions":[[37,151,39,6,40,0,0,0],[38,1,38,1,0,0,0,2]]},{"branches":[],"count":38,"filenames":["/Users/stiubedenis/Desktop/Facultate/Teme/Semestrul 2/OOP/lab_7/Repository/repository.h"],"name":"_ZN10Repository7getSizeEv","regions":[[49,18,51,6,38,0,0,0]]},{"branches":[],"count":11,"filenames":["/Users/stiubedenis/Desktop/Facultate/Teme/Semestrul 2/OOP/lab_7/Service/service.h"],"name":"_ZNK7Service6getAllEv","regions":[[52,45,54,6,11,0,0,0]]},{"branches":[],"count":24,"filenames":["/Users/stiubedenis/Desktop/Facultate/Teme/Semestrul 2/OOP/lab_7/Service/service.h"],"name":"_ZNK7Service7getSizeEv","regions":[[68,24,70,6,24,0,0,0]]},{"branches":[],"count":51,"filenames":["/Users/stiubedenis/Desktop/Facultate/Teme/Semestrul 2/OOP/lab_7/List/list.h"],"name":"_ZN13VectorDinamicI10MedicamentE7getSizeEv","regions":[[67,40,69,2,51,0,0,0]]},{"branches":[],"count":13,"filenames":["/Users/stiubedenis/Desktop/Facultate/Teme/Semestrul 2/OOP/lab_7/Domain/medicament.cpp"],"name":"_ZNK10Medicament11getDenumireEv","regions":[[9,40,11,2,13,0,0,0]]},{"branches":[],"count":12,"filenames":["/Users/stiubedenis/Desktop/Facultate/Teme/Semestrul 2/OOP/lab_7/Domain/medicament.cpp"],"name":"_ZNK10Medicament7getPretEv","regions":[[13,36,15,2,12,0,0,0]]},{"branches":[],"count":11,"filenames":["/Users/stiubedenis/Desktop/Facultate/Teme/Semestrul 2/OOP/lab_7/Domain/medicament.cpp"],"name":"_ZNK10Medicament13getProducatorEv","regions":[[17,42,19,2,11,0,0,0]]},{"branches":[],"count":11,"filenames":["/Users/stiubedenis/Desktop/Facultate/Teme/Semestrul 2/OOP/lab_7/Domain/medicament.cpp"],"name":"_ZNK10Medicament8getSubstEv","regions":[[21,37,23,2,11,0,0,0]]},{"branches":[],"count":1,"filenames":["/Users/stiubedenis/Desktop/Facultate/Teme/Semestrul 2/OOP/lab_7/Domain/medicament.cpp"],"name":"_ZN10Medicament7setPretERKd","regions":[[25,49,27,2,1,0,0,0]]},{"branches":[],"count":1,"filenames":["/Users/stiubedenis/Desktop/Facultate/Teme/Semestrul 2/OOP/lab_7/Domain/medicament.cpp"],"name":"_ZN10Medicament8setSubstERKNSt3__112basic_stringIcNS0_11char_traitsIcEENS0_9allocatorIcEEEE","regions":[[29,51,31,2,1,0,0,0]]},{"branches":[[34,9,34,32,7,0,0,0,4],[34,36,34,51,7,0,0,0,4],[34,55,34,82,7,0,0,0,4],[34,86,34,103,7,0,0,0,4]],"count":7,"filenames":["/Users/stiubedenis/Desktop/Facultate/Teme/Semestrul 2/OOP/lab_7/Domain/medicament.cpp"],"name":"_ZN10MedicamenteqERKS_","regions":[[33,51,37,2,7,0,0,0],[34,9,34,32,7,0,0,0],[34,9,34,51,7,0,0,0],[34,9,34,82,7,0,0,0],[34,9,34,103,7,0,0,0],[34,36,34,51,7,0,0,0],[34,55,34,82,7,0,0,0],[34,86,34,103,7,0,0,0],[34,104,35,9,7,0,0,3],[35,9,35,20,7,0,0,0],[35,21,36,5,0,0,0,3],[36,5,36,17,0,0,0,0]]},{"branches":[],"count":0,"filenames":["/Users/stiubedenis/Desktop/Facultate/Teme/Semestrul 2/OOP/lab_7/Domain/medicament.cpp"],"name":"_ZN10MedicamentneERKS_","regions":[[39,51,41,2,0,0,0,0]]},{"branches":[],"count":25,"filenames":["/Users/stiubedenis/Desktop/Facultate/Teme/Semestrul 2/OOP/lab_7/Repository/repository.cpp"],"name":"_ZN10Repository13addMedicamentERK10Medicament","regions":[[7,65,9,2,25,0,0,0]]},{"branches":[],"count":2,"filenames":["/Users/stiubedenis/Desktop/Facultate/Teme/Semestrul 2/OOP/lab_7/Repository/repository.cpp"],"name":"_ZN10Repository16deleteMedicamentERKi","regions":[[11,51,13,2,2,0,0,0]]},{"branches":[],"count":2,"filenames":["/Users/stiubedenis/Desktop/Facultate/Teme/Semestrul 2/OOP/lab_7/Repository/repository.cpp"],"name":"_ZN10Repository10updatePretERKiRKd","regions":[[15,68,19,2,2,0,0,0]]},{"branches":[],"count":2,"filenames":["/Users/stiubedenis/Desktop/Facultate/Teme/Semestrul 2/OOP/lab_7/Repository/repository.cpp"],"name":"_ZN10Repository11updateSubstERKiRKNSt3__112basic_stringIcNS2_11char_traitsIcEENS2_9allocatorIcEEEE","regions":[[21,70,25,2,2,0,0,0]]},{"branches":[],"count":3,"filenames":["/Users/stiubedenis/Desktop/Facultate/Teme/Semestrul 2/OOP/lab_7/Repository/repository.cpp"],"name":"_ZN10RepositoryixERKi","regions":[[27,52,29,2,3,0,0,0]]},{"branches":[],"count":12,"filenames":["/Users/stiubedenis/Desktop/Facultate/Teme/Semestrul 2/OOP/lab_7/Repository/repository.cpp"],"name":"_ZNK10Repository6getAllEv","regions":[[31,54,33,2,12,0,0,0]]},{"branches":[[94,9,94,20,1,37,0,0,4]],"count":38,"filenames":["/Users/stiubedenis/Desktop/Facultate/Teme/Semestrul 2/OOP/lab_7/List/list.h"],"name":"_ZN13VectorDinamicI10MedicamentE9push_backERKS0_","regions":[[93,74,97,2,38,0,0,0],[94,9,94,20,38,0,0,0],[94,21,95,9,1,0,0,3],[95,9,95,16,1,0,0,0]]},{"branches":[[84,21,84,29,5,1,0,0,4]],"count":1,"filenames":["/Users/stiubedenis/Desktop/Facultate/Teme/Semestrul 2/OOP/lab_7/List/list.h"],"name":"_ZN13VectorDinamicI10MedicamentE5redimEv","regions":[[82,39,90,2,1,0,0,0],[84,21,84,29,6,0,0,0],[84,31,84,34,5,0,0,0],[84,35,86,6,5,0,0,0]]},{"branches":[[101,29,101,39,3,3,0,0,4]],"count":3,"filenames":["/Users/stiubedenis/Desktop/Facultate/Teme/Semestrul 2/OOP/lab_7/List/list.h"],"name":"_ZN13VectorDinamicI10MedicamentE5eraseERK8IteratorIS0_E","regions":[[100,67,105,2,3,0,0,0],[101,29,101,39,6,0,0,0],[101,41,101,44,3,0,0,0],[101,45,103,6,3,0,0,0]]},{"branches":[],"count":10,"filenames":["/Users/stiubedenis/Desktop/Facultate/Teme/Semestrul 2/OOP/lab_7/List/list.h"],"name":"_ZN13VectorDinamicI10MedicamentE5beginEv","regions":[[39,31,41,6,10,0,0,0]]},{"branches":[],"count":16,"filenames":["/Users/stiubedenis/Desktop/Facultate/Teme/Semestrul 2/OOP/lab_7/List/iterator.h"],"name":"_ZN8IteratorI10MedicamentEC2ER13VectorDinamicIS0_ERKi","regions":[[17,97,17,99,16,0,0,0]]},{"branches":[],"count":3,"filenames":["/Users/stiubedenis/Desktop/Facultate/Teme/Semestrul 2/OOP/lab_7/List/iterator.h"],"name":"_ZN8IteratorI10MedicamentEplERKi","regions":[[47,67,50,2,3,0,0,0]]},{"branches":[],"count":42,"filenames":["/Users/stiubedenis/Desktop/Facultate/Teme/Semestrul 2/OOP/lab_7/List/list.h"],"name":"_ZNK13VectorDinamicI10MedicamentEixERKi","regions":[[77,68,79,2,42,0,0,0]]},{"branches":[[61,21,61,32,19,12,0,0,4]],"count":12,"filenames":["/Users/stiubedenis/Desktop/Facultate/Teme/Semestrul 2/OOP/lab_7/List/list.h"],"name":"_ZN13VectorDinamicI10MedicamentEC2ERKS1_","regions":[[57,75,64,2,12,0,0,0],[61,21,61,32,31,0,0,0],[61,34,61,37,19,0,0,0],[61,38,63,6,19,0,0,0]]},{"branches":[],"count":16,"filenames":["/Users/stiubedenis/Desktop/Facultate/Teme/Semestrul 2/OOP/lab_7/Service/service.cpp"],"name":"_ZN7Service13addMedicamentERKNSt3__112basic_stringIcNS0_11char_traitsIcEENS0_9allocatorIcEEEERKdS8_S8_","regions":[[9,50,12,2,16,0,0,0]]},{"branches":[],"count":1,"filenames":["/Users/stiubedenis/Desktop/Facultate/Teme/Semestrul 2/OOP/lab_7/Service/service.cpp"],"name":"_ZN7Service16deleteMedicamentERKi","regions":[[14,48,16,2,1,0,0,0]]},{"branches":[],"count":1,"filenames":["/Users/stiubedenis/Desktop/Facultate/Teme/Semestrul 2/OOP/lab_7/Service/service.cpp"],"name":"_ZN7Service10updatePretERKiRKd","regions":[[18,65,20,2,1,0,0,0]]},{"branches":[],"count":1,"filenames":["/Users/stiubedenis/Desktop/Facultate/Teme/Semestrul 2/OOP/lab_7/Service/service.cpp"],"name":"_ZN7Service11updateSubstERKiRKNSt3__112basic_stringIcNS2_11char_traitsIcEENS2_9allocatorIcEEEE","regions":[[22,67,24,2,1,0,0,0]]},{"branches":[[28,24,28,25,2,1,0,0,4],[29,13,29,40,1,1,0,0,4],[29,13,29,75,1,1,0,0,4],[29,44,29,75,1,0,0,0,4]],"count":2,"filenames":["/Users/stiubedenis/Desktop/Facultate/Teme/Semestrul 2/OOP/lab_7/Service/service.cpp"],"name":"_ZNK7Service14findMedicamentERKNSt3__112basic_stringIcNS0_11char_traitsIcEENS0_9allocatorIcEEEES8_","regions":[[26,86,33,2,2,0,0,0],[28,38,31,6,2,0,0,0],[29,13,29,40,2,0,0,0],[29,13,29,75,2,0,0,0],[29,44,29,75,1,0,0,0],[29,76,30,13,1,0,0,3],[30,13,30,24,1,0,0,0],[31,6,32,5,1,0,0,3],[32,5,32,17,1,0,0,0]]},{"branches":[[37,24,37,25,3,1,0,0,4],[38,13,38,32,2,1,0,0,4]],"count":1,"filenames":["/Users/stiubedenis/Desktop/Facultate/Teme/Semestrul 2/OOP/lab_7/Service/service.cpp"],"name":"_ZNK7Service10filtruPretERKd","regions":[[35,73,42,2,1,0,0,0],[37,35,40,6,3,0,0,0],[38,13,38,32,3,0,0,0],[38,33,39,13,2,0,0,3],[39,13,39,45,2,0,0,0]]},{"branches":[[46,24,46,25,3,1,0,0,4],[47,13,47,34,2,1,0,0,4]],"count":1,"filenames":["/Users/stiubedenis/Desktop/Facultate/Teme/Semestrul 2/OOP/lab_7/Service/service.cpp"],"name":"_ZNK7Service11filtruSubstERKNSt3__112basic_stringIcNS0_11char_traitsIcEENS0_9allocatorIcEEEE","regions":[[44,75,51,2,1,0,0,0],[46,35,49,6,3,0,0,0],[47,13,47,34,3,0,0,0],[47,35,48,13,2,0,0,3],[48,13,48,45,2,0,0,0]]},{"branches":[],"count":6,"filenames":["/Users/stiubedenis/Desktop/Facultate/Teme/Semestrul 2/OOP/lab_7/List/list.h"],"name":"_ZN13VectorDinamicI10MedicamentE3endEv","regions":[[43,29,45,6,6,0,0,0]]},{"branches":[[69,9,69,28,11,4,0,0,4]],"count":15,"filenames":["/Users/stiubedenis/Desktop/Facultate/Teme/Semestrul 2/OOP/lab_7/List/iterator.h"],"name":"_ZN8IteratorI10MedicamentEneERKS1_","regions":[[68,67,72,2,15,0,0,0],[69,9,69,28,15,0,0,0],[69,29,70,9,11,0,0,3],[70,9,70,20,11,0,0,0],[70,21,71,5,4,0,0,3],[71,5,71,17,4,0,0,0]]},{"branches":[],"count":11,"filenames":["/Users/stiubedenis/Desktop/Facultate/Teme/Semestrul 2/OOP/lab_7/List/iterator.h"],"name":"_ZN8IteratorI10MedicamentEppEv","regions":[[41,54,44,2,11,0,0,0]]},{"branches":[],"count":14,"filenames":["/Users/stiubedenis/Desktop/Facultate/Teme/Semestrul 2/OOP/lab_7/List/iterator.h"],"name":"_ZN8IteratorI10MedicamentEdeEv","regions":[[63,43,65,2,14,0,0,0]]},{"branches":[],"count":1,"filenames":["/Users/stiubedenis/Desktop/Facultate/Teme/Semestrul 2/OOP/lab_7/Tests/tests.cpp"],"name":"_Z10testDomainv","regions":[[7,18,20,2,1,0,0,0],[9,37,10,5,1,0,0,3],[10,11,20,2,1,0,0,0],[10,33,11,5,1,0,0,3],[11,11,20,2,1,0,0,0],[11,39,12,5,1,0,0,3],[12,11,20,2,1,0,0,0],[12,34,13,5,1,0,0,3],[13,5,20,2,1,0,0,0],[14,31,15,5,1,0,0,3],[15,5,20,2,1,0,0,0],[16,35,17,5,1,0,0,3],[17,5,20,2,1,0,0,0],[19,1,19,1,0,0,0,2]]},{"branches":[],"count":1,"filenames":["/Users/stiubedenis/Desktop/Facultate/Teme/Semestrul 2/OOP/lab_7/Tests/tests.cpp"],"name":"_Z11testAddRepov","regions":[[21,19,28,2,1,0,0,0],[23,32,24,5,1,0,0,3],[24,5,28,2,1,0,0,0],[26,32,27,5,1,0,0,3],[27,11,28,2,1,0,0,0]]},{"branches":[],"count":1,"filenames":["/Users/stiubedenis/Desktop/Facultate/Teme/Semestrul 2/OOP/lab_7/Tests/tests.cpp"],"name":"_Z14testDeleteRepov","regions":[[30,22,38,2,1,0,0,0],[32,32,33,5,1,0,0,3],[33,5,38,2,1,0,0,0],[35,32,36,5,1,0,0,3],[36,5,38,2,1,0,0,0]]},{"branches":[],"count":1,"filenames":["/Users/stiubedenis/Desktop/Facultate/Teme/Semestrul 2/OOP/lab_7/Tests/tests.cpp"],"name":"_Z18testUpdatePretRepov","regions":[[40,26,48,2,1,0,0,0],[42,32,43,5,1,0,0,3],[43,5,48,2,1,0,0,0],[45,32,46,5,1,0,0,3],[46,5,48,2,1,0,0,0]]},{"branches":[],"count":1,"filenames":["/Users/stiubedenis/Desktop/Facultate/Teme/Semestrul 2/OOP/lab_7/Tests/tests.cpp"],"name":"_Z19testUpdateSubstRepov","regions":[[50,27,58,2,1,0,0,0],[52,32,53,5,1,0,0,3],[53,5,58,2,1,0,0,0],[55,32,56,5,1,0,0,3],[56,5,58,2,1,0,0,0]]},{"branches":[],"count":1,"filenames":["/Users/stiubedenis/Desktop/Facultate/Teme/Semestrul 2/OOP/lab_7/Tests/tests.cpp"],"name":"_Z15testGetSizeRepov","regions":[[60,23,68,2,1,0,0,0],[62,32,63,5,1,0,0,3],[63,5,68,2,1,0,0,0]]},{"branches":[],"count":1,"filenames":["/Users/stiubedenis/Desktop/Facultate/Teme/Semestrul 2/OOP/lab_7/Tests/tests.cpp"],"name":"_Z14testGetAllRepov","regions":[[70,22,86,2,1,0,0,0],[72,32,73,5,1,0,0,3],[73,5,86,2,1,0,0,0],[77,32,78,5,1,0,0,3],[78,5,86,2,1,0,0,0],[79,39,80,5,1,0,0,3],[80,11,86,2,1,0,0,0],[80,43,81,5,1,0,0,3],[81,11,86,2,1,0,0,0],[81,51,82,5,1,0,0,3],[82,5,86,2,1,0,0,0],[84,32,85,5,1,0,0,3],[85,11,86,2,1,0,0,0]]},{"branches":[],"count":1,"filenames":["/Users/stiubedenis/Desktop/Facultate/Teme/Semestrul 2/OOP/lab_7/Tests/tests.cpp"],"name":"_Z14testRepositoryv","regions":[[89,22,96,2,1,0,0,0]]},{"branches":[],"count":1,"filenames":["/Users/stiubedenis/Desktop/Facultate/Teme/Semestrul 2/OOP/lab_7/Tests/tests.cpp"],"name":"_Z14testAddServicev","regions":[[98,22,107,2,1,0,0,0],[101,35,102,5,1,0,0,3],[102,5,107,2,1,0,0,0],[103,35,104,5,1,0,0,3],[104,5,107,2,1,0,0,0],[105,35,106,5,1,0,0,3],[106,11,107,2,1,0,0,0]]},{"branches":[],"count":1,"filenames":["/Users/stiubedenis/Desktop/Facultate/Teme/Semestrul 2/OOP/lab_7/Tests/tests.cpp"],"name":"_Z17testDeleteServicev","regions":[[109,25,118,2,1,0,0,0],[112,35,113,5,1,0,0,3],[113,5,118,2,1,0,0,0],[114,35,115,5,1,0,0,3],[115,11,118,2,1,0,0,0],[115,51,116,5,1,0,0,3],[116,5,118,2,1,0,0,0]]},{"branches":[],"count":1,"filenames":["/Users/stiubedenis/Desktop/Facultate/Teme/Semestrul 2/OOP/lab_7/Tests/tests.cpp"],"name":"_Z21testUpdatePretServicev","regions":[[120,29,129,2,1,0,0,0],[123,35,124,5,1,0,0,3],[124,5,129,2,1,0,0,0],[125,35,126,5,1,0,0,3],[126,11,129,2,1,0,0,0],[126,51,127,5,1,0,0,3],[127,5,129,2,1,0,0,0]]},{"branches":[],"count":1,"filenames":["/Users/stiubedenis/Desktop/Facultate/Teme/Semestrul 2/OOP/lab_7/Tests/tests.cpp"],"name":"_Z22testUpdateSubstServicev","regions":[[131,30,140,2,1,0,0,0],[134,35,135,5,1,0,0,3],[135,5,140,2,1,0,0,0],[136,35,137,5,1,0,0,3],[137,11,140,2,1,0,0,0],[137,51,138,5,1,0,0,3],[138,5,140,2,1,0,0,0]]},{"branches":[],"count":1,"filenames":["/Users/stiubedenis/Desktop/Facultate/Teme/Semestrul 2/OOP/lab_7/Tests/tests.cpp"],"name":"_Z18testFindMedicamentv","regions":[[142,26,150,2,1,0,0,0],[145,35,146,5,1,0,0,3],[146,5,150,2,1,0,0,0],[147,35,148,5,1,0,0,3],[148,11,150,2,1,0,0,0],[148,55,149,5,1,0,0,3],[149,11,150,2,1,0,0,0]]},{"branches":[],"count":1,"filenames":["/Users/stiubedenis/Desktop/Facultate/Teme/Semestrul 2/OOP/lab_7/Tests/tests.cpp"],"name":"_Z21testFiltruPretServicev","regions":[[152,29,166,2,1,0,0,0],[155,35,156,5,1,0,0,3],[156,5,166,2,1,0,0,0],[157,35,158,5,1,0,0,3],[158,5,166,2,1,0,0,0],[160,35,161,5,1,0,0,3],[161,5,166,2,1,0,0,0],[162,41,163,5,1,0,0,3],[163,11,166,2,1,0,0,0],[163,35,164,5,1,0,0,3],[164,11,166,2,1,0,0,0],[164,51,165,5,1,0,0,3],[165,11,166,2,1,0,0,0]]},{"branches":[],"count":1,"filenames":["/Users/stiubedenis/Desktop/Facultate/Teme/Semestrul 2/OOP/lab_7/Tests/tests.cpp"],"name":"_Z22testFiltruSubstServicev","regions":[[168,30,182,2,1,0,0,0],[171,35,172,5,1,0,0,3],[172,5,182,2,1,0,0,0],[173,35,174,5,1,0,0,3],[174,5,182,2,1,0,0,0],[176,35,177,5,1,0,0,3],[177,5,182,2,1,0,0,0],[178,41,179,5,1,0,0,3],[179,11,182,2,1,0,0,0],[179,35,180,5,1,0,0,3],[180,11,182,2,1,0,0,0],[180,51,181,5,1,0,0,3],[181,11,182,2,1,0,0,0]]},{"branches":[],"count":1,"filenames":["/Users/stiubedenis/Desktop/Facultate/Teme/Semestrul 2/OOP/lab_7/Tests/tests.cpp"],"name":"_Z17testGetAllServicev","regions":[[184,25,195,2,1,0,0,0],[187,35,188,5,1,0,0,3],[188,5,195,2,1,0,0,0],[190,35,191,5,1,0,0,3],[191,5,195,2,1,0,0,0],[192,31,193,5,1,0,0,3],[193,11,195,2,1,0,0,0],[193,41,194,5,1,0,0,3],[194,11,195,2,1,0,0,0]]},{"branches":[],"count":1,"filenames":["/Users/stiubedenis/Desktop/Facultate/Teme/Semestrul 2/OOP/lab_7/Tests/tests.cpp"],"name":"_Z18testGetSizeServicev","regions":[[197,26,204,2,1,0,0,0],[200,35,201,5,1,0,0,3],[201,5,204,2,1,0,0,0]]},{"branches":[],"count":1,"filenames":["/Users/stiubedenis/Desktop/Facultate/Teme/Semestrul 2/OOP/lab_7/Tests/tests.cpp"],"name":"_Z17testVectorDinamicv","regions":[[206,25,231,2,1,0,0,0],[208,29,209,5,1,0,0,3],[209,11,231,2,1,0,0,0],[209,28,210,5,1,0,0,3],[210,5,231,2,1,0,0,0],[212,29,213,5,1,0,0,3],[213,5,231,2,1,0,0,0],[215,29,216,5,1,0,0,3],[216,11,231,2,1,0,0,0],[216,23,217,5,1,0,0,3],[217,11,231,2,1,0,0,0],[217,23,218,5,1,0,0,3],[218,5,231,2,1,0,0,0],[226,29,227,5,1,0,0,3],[227,11,231,2,1,0,0,0],[227,29,228,5,1,0,0,3],[228,5,231,2,1,0,0,0],[229,29,230,5,1,0,0,3],[230,11,231,2,1,0,0,0]]},{"branches":[[257,24,257,25,3,1,0,0,4]],"count":1,"filenames":["/Users/stiubedenis/Desktop/Facultate/Teme/Semestrul 2/OOP/lab_7/Tests/tests.cpp"],"name":"_Z12testIteratorv","regions":[[233,20,261,2,1,0,0,0],[237,29,238,5,1,0,0,3],[238,5,261,2,1,0,0,0],[240,29,241,5,1,0,0,3],[241,5,261,2,1,0,0,0],[243,28,244,5,1,0,0,3],[244,11,261,2,1,0,0,0],[244,22,245,5,1,0,0,3],[245,5,261,2,1,0,0,0],[246,22,247,5,1,0,0,3],[247,5,261,2,1,0,0,0],[248,26,249,5,1,0,0,3],[249,11,261,2,1,0,0,0],[249,31,250,5,1,0,0,3],[250,5,261,2,1,0,0,0],[252,22,253,5,1,0,0,3],[253,5,261,2,1,0,0,0],[256,29,257,5,1,0,0,3],[257,5,261,2,1,0,0,0],[257,28,259,6,3,0,0,0],[259,6,260,5,1,0,0,3],[260,5,261,2,1,0,0,0]]},{"branches":[],"count":1,"filenames":["/Users/stiubedenis/Desktop/Facultate/Teme/Semestrul 2/OOP/lab_7/Tests/tests.cpp"],"name":"_Z11testServicev","regions":[[264,19,274,2,1,0,0,0]]},{"branches":[],"count":1,"filenames":["/Users/stiubedenis/Desktop/Facultate/Teme/Semestrul 2/OOP/lab_7/Tests/tests.cpp"],"name":"_Z7testAllv","regions":[[276,16,282,2,1,0,0,0]]},{"branches":[],"count":2,"filenames":["/Users/stiubedenis/Desktop/Facultate/Teme/Semestrul 2/OOP/lab_7/List/list.h"],"name":"_ZN13VectorDinamicI10MedicamentE6getCapEv","regions":[[72,39,74,2,2,0,0,0]]},{"branches":[],"count":1,"filenames":["/Users/stiubedenis/Desktop/Facultate/Teme/Semestrul 2/OOP/lab_7/List/list.h"],"name":"_ZN13VectorDinamicI10MedicamentE14IteratorVectorEv","regions":[[35,40,37,6,1,0,0,0]]},{"branches":[],"count":1,"filenames":["/Users/stiubedenis/Desktop/Facultate/Teme/Semestrul 2/OOP/lab_7/List/iterator.h"],"name":"_ZN8IteratorI10MedicamentEC2ER13VectorDinamicIS0_E","regions":[[16,52,16,54,1,0,0,0]]},{"branches":[],"count":4,"filenames":["/Users/stiubedenis/Desktop/Facultate/Teme/Semestrul 2/OOP/lab_7/List/iterator.h"],"name":"_ZN8IteratorI10MedicamentE4primEv","regions":[[53,33,55,2,4,0,0,0]]},{"branches":[[76,9,76,28,2,1,0,0,4]],"count":3,"filenames":["/Users/stiubedenis/Desktop/Facultate/Teme/Semestrul 2/OOP/lab_7/List/iterator.h"],"name":"_ZN8IteratorI10MedicamentEeqERKS1_","regions":[[75,67,79,2,3,0,0,0],[76,9,76,28,3,0,0,0],[76,29,77,9,2,0,0,3],[77,9,77,20,2,0,0,0],[77,21,78,5,1,0,0,3],[78,5,78,17,1,0,0,0]]},{"branches":[],"count":2,"filenames":["/Users/stiubedenis/Desktop/Facultate/Teme/Semestrul 2/OOP/lab_7/List/iterator.h"],"name":"_ZN8IteratorI10MedicamentE7urmatorEv","regions":[[58,36,60,2,2,0,0,0]]},{"branches":[],"count":0,"filenames":["/Users/stiubedenis/Desktop/Facultate/Teme/Semestrul 2/OOP/lab_7/UI/ui.cpp"],"name":"_ZN2UI13addMedicamentEv","regions":[[10,26,23,2,0,0,0,0]]},{"branches":[[29,9,29,16,0,0,0,0,4],[29,20,29,37,0,0,0,0,4]],"count":0,"filenames":["/Users/stiubedenis/Desktop/Facultate/Teme/Semestrul 2/OOP/lab_7/UI/ui.cpp"],"name":"_ZN2UI16deleteMedicamentEv","regions":[[25,29,35,2,0,0,0,0],[29,9,29,16,0,0,0,0],[29,9,29,37,0,0,0,0],[29,20,29,37,0,0,0,0],[29,38,30,9,0,0,0,3],[30,9,30,36,0,0,0,0],[30,37,31,9,0,0,0,3],[31,9,34,6,0,0,0,0]]},{"branches":[[43,9,43,47,0,0,0,0,4]],"count":0,"filenames":["/Users/stiubedenis/Desktop/Facultate/Teme/Semestrul 2/OOP/lab_7/UI/ui.cpp"],"name":"_ZN2UI14findMedicamentEv","regions":[[37,27,47,2,0,0,0,0],[43,9,43,47,0,0,0,0],[43,48,44,9,0,0,0,3],[44,9,44,46,0,0,0,0],[44,47,46,9,0,0,0,3],[46,9,46,51,0,0,0,0]]},{"branches":[[54,9,54,16,0,0,0,0,4],[54,20,54,37,0,0,0,0,4]],"count":0,"filenames":["/Users/stiubedenis/Desktop/Facultate/Teme/Semestrul 2/OOP/lab_7/UI/ui.cpp"],"name":"_ZN2UI10updatePretEv","regions":[[49,23,62,2,0,0,0,0],[54,9,54,16,0,0,0,0],[54,9,54,37,0,0,0,0],[54,20,54,37,0,0,0,0],[54,38,55,9,0,0,0,3],[55,9,55,36,0,0,0,0],[55,37,56,9,0,0,0,3],[56,9,61,6,0,0,0,0]]},{"branches":[[69,9,69,16,0,0,0,0,4],[69,20,69,37,0,0,0,0,4]],"count":0,"filenames":["/Users/stiubedenis/Desktop/Facultate/Teme/Semestrul 2/OOP/lab_7/UI/ui.cpp"],"name":"_ZN2UI11updateSubstEv","regions":[[64,23,77,2,0,0,0,0],[69,9,69,16,0,0,0,0],[69,9,69,37,0,0,0,0],[69,20,69,37,0,0,0,0],[69,38,70,9,0,0,0,3],[70,9,70,36,0,0,0,0],[70,37,71,9,0,0,0,3],[71,9,76,6,0,0,0,0]]},{"branches":[[84,9,84,37,0,0,0,0,4],[88,29,88,30,0,0,0,0,4]],"count":0,"filenames":["/Users/stiubedenis/Desktop/Facultate/Teme/Semestrul 2/OOP/lab_7/UI/ui.cpp"],"name":"_ZN2UI10filtruPretEv","regions":[[79,23,97,2,0,0,0,0],[84,9,84,37,0,0,0,0],[84,38,85,9,0,0,0,3],[85,9,85,55,0,0,0,0],[85,56,86,9,0,0,0,3],[86,9,96,6,0,0,0,0],[88,45,88,46,0,0,0,3],[88,46,94,10,0,0,0,0]]},{"branches":[[104,9,104,37,0,0,0,0,4],[108,29,108,30,0,0,0,0,4]],"count":0,"filenames":["/Users/stiubedenis/Desktop/Facultate/Teme/Semestrul 2/OOP/lab_7/UI/ui.cpp"],"name":"_ZN2UI11filtruSubstEv","regions":[[99,24,117,2,0,0,0,0],[104,9,104,37,0,0,0,0],[104,38,105,9,0,0,0,3],[105,9,105,62,0,0,0,0],[105,63,106,9,0,0,0,3],[106,9,116,6,0,0,0,0],[108,45,108,46,0,0,0,3],[108,46,114,10,0,0,0,0]]},{"branches":[],"count":0,"filenames":["/Users/stiubedenis/Desktop/Facultate/Teme/Semestrul 2/OOP/lab_7/UI/ui.cpp"],"name":"_ZN2UI15printMedicamentERK10Medicament","regions":[[119,48,121,2,0,0,0,0]]},{"branches":[[124,9,124,25,0,0,0,0,4],[128,29,128,30,0,0,0,0,4]],"count":0,"filenames":["/Users/stiubedenis/Desktop/Facultate/Teme/Semestrul 2/OOP/lab_7/UI/ui.cpp"],"name":"_ZN2UI8printAllEv","regions":[[123,21,137,2,0,0,0,0],[124,9,124,25,0,0,0,0],[124,26,125,9,0,0,0,3],[125,9,125,50,0,0,0,0],[125,51,126,10,0,0,0,3],[126,10,136,6,0,0,0,0],[128,42,128,43,0,0,0,3],[128,43,134,10,0,0,0,0]]},{"branches":[],"count":0,"filenames":["/Users/stiubedenis/Desktop/Facultate/Teme/Semestrul 2/OOP/lab_7/UI/ui.cpp"],"name":"_ZN2UI10addDefaultEv","regions":[[139,23,145,2,0,0,0,0]]},{"branches":[],"count":0,"filenames":["/Users/stiubedenis/Desktop/Facultate/Teme/Semestrul 2/OOP/lab_7/UI/ui.cpp"],"name":"_ZN2UI5MeniuEv","regions":[[147,18,149,2,0,0,0,0]]},{"branches":[[158,17,158,24,0,0,0,0,4],[159,13,159,19,0,0,0,0,4],[162,13,162,19,0,0,0,0,4],[165,13,165,19,0,0,0,0,4],[168,13,168,19,0,0,0,0,4],[171,13,171,19,0,0,0,0,4],[174,13,174,19,0,0,0,0,4],[177,13,177,19,0,0,0,0,4],[180,13,180,19,0,0,0,0,4],[183,13,183,19,0,0,0,0,4],[186,13,186,20,0,0,0,0,4]],"count":0,"filenames":["/Users/stiubedenis/Desktop/Facultate/Teme/Semestrul 2/OOP/lab_7/UI/ui.cpp"],"name":"_ZN2UI3RunEv","regions":[[151,16,190,2,0,0,0,0],[152,12,152,16,0,0,0,0],[152,17,189,6,0,0,0,0],[158,25,187,23,0,0,0,3],[159,13,161,22,0,0,0,0],[161,23,162,13,0,0,0,3],[162,13,164,22,0,0,0,0],[164,23,165,13,0,0,0,3],[165,13,167,22,0,0,0,0],[167,23,168,13,0,0,0,3],[168,13,170,22,0,0,0,0],[170,23,171,13,0,0,0,3],[171,13,173,22,0,0,0,0],[173,23,174,13,0,0,0,3],[174,13,176,22,0,0,0,0],[176,23,177,13,0,0,0,3],[177,13,179,22,0,0,0,0],[179,23,180,13,0,0,0,3],[180,13,182,22,0,0,0,0],[182,23,183,13,0,0,0,3],[183,13,185,22,0,0,0,0],[185,23,186,13,0,0,0,3],[186,13,187,23,0,0,0,0]]}],"totals":{"branches":{"count":86,"covered":33,"notcovered":53,"percent":38.372093023255815},"functions":{"count":85,"covered":72,"percent":84.705882352941174},"instantiations":{"count":85,"covered":72,"percent":84.705882352941174},"lines":{"count":614,"covered":440,"percent":71.661237785016283},"regions":{"count":238,"covered":182,"notcovered":56,"percent":76.470588235294116}}}],"type":"llvm.coverage.json.export","version":"2.0.1"}