{"data":[{"files":[{"branches":[],"expansions":[],"filename":"/Users/stiubedenis/Desktop/Facultate/Teme/Semestrul 2/OOP/lab_2-4Dinamic/domain/oferte.c","segments":[[7,1,90,true,true,false],[9,2,0,false,false,false],[12,1,21,true,true,false],[14,2,0,false,false,false],[17,1,41,true,true,false],[19,2,0,false,false,false],[21,35,5,true,true,false],[25,2,0,false,false,false],[27,39,15,true,true,false],[31,2,0,false,false,false],[33,35,59,true,true,false],[36,2,0,false,false,false],[39,1,46,true,true,false],[41,2,0,false,false,false],[43,40,42,true,true,false],[44,1,0,false,true,false],[44,25,42,true,false,false],[46,2,0,false,false,false],[48,54,42,true,true,false],[49,1,0,false,true,false],[49,39,42,true,false,false],[51,2,0,false,false,false],[53,42,42,true,true,false],[54,1,0,false,true,false],[54,27,42,true,false,false],[56,2,0,false,false,false],[58,40,42,true,true,false],[60,2,0,false,false,false],[63,1,40,true,true,false],[73,2,0,false,false,false],[75,36,40,true,true,false],[80,2,0,false,false,false]],"summary":{"branches":{"count":0,"covered":0,"notcovered":0,"percent":0},"functions":{"count":13,"covered":13,"percent":100},"instantiations":{"count":13,"covered":13,"percent":100},"lines":{"count":55,"covered":55,"percent":100},"regions":{"count":13,"covered":13,"notcovered":0,"percent":100}}},{"branches":[[20,21,20,33,26,15,0,0,4],[29,21,29,34,8,4,0,0,4],[38,21,38,29,18,28,0,0,4],[39,13,39,44,2,16,0,0,4],[41,9,41,24,24,4,0,0,4],[54,17,54,25,11,6,0,0,4],[56,12,56,44,3,8,0,0,4],[75,9,75,16,0,4,0,0,4],[75,20,75,30,2,2,0,0,4],[78,25,78,39,1,2,0,0,4],[97,9,97,16,1,4,0,0,4],[97,20,97,30,1,3,0,0,4],[97,34,97,70,1,2,0,0,4]],"expansions":[],"filename":"/Users/stiubedenis/Desktop/Facultate/Teme/Semestrul 2/OOP/lab_2-4Dinamic/list/lista.c","segments":[[11,26,15,true,true,false],[17,2,0,false,false,false],[19,39,15,true,true,false],[20,21,41,true,true,false],[20,33,15,true,false,false],[20,35,26,true,true,false],[20,38,15,true,false,false],[20,39,26,true,true,false],[22,6,15,true,false,false],[25,2,0,false,false,false],[27,45,4,true,true,false],[29,21,12,true,true,false],[29,34,4,true,false,false],[29,36,8,true,true,false],[29,39,4,true,false,false],[29,40,8,true,true,false],[31,6,4,true,false,false],[35,2,0,false,false,false],[37,49,30,true,true,false],[38,21,46,true,true,false],[38,29,30,true,false,false],[38,31,16,true,true,false],[38,34,30,true,false,false],[38,35,18,true,false,true],[39,9,18,true,true,false],[39,13,18,true,true,false],[39,44,18,true,false,false],[39,45,2,true,false,true],[40,13,2,true,true,false],[40,22,30,true,false,false],[40,23,28,true,false,true],[41,5,28,true,true,false],[41,9,28,true,true,false],[41,24,28,true,false,false],[41,25,24,true,false,true],[42,9,24,true,true,false],[42,33,28,true,false,false],[42,34,4,true,false,true],[43,9,4,true,true,false],[46,6,28,true,false,false],[48,13,30,true,false,false],[49,2,0,false,false,false],[51,49,6,true,true,false],[54,17,17,true,true,false],[54,25,6,true,false,false],[54,27,11,true,true,false],[54,30,6,true,false,false],[54,31,11,true,false,true],[55,5,11,true,true,false],[56,12,11,true,true,false],[56,44,11,true,false,false],[56,45,3,true,false,true],[57,13,3,true,true,false],[57,22,11,true,false,false],[58,6,6,true,false,false],[60,2,0,false,false,false],[74,42,4,true,true,false],[75,9,4,true,true,false],[75,16,4,true,false,false],[75,20,4,true,true,false],[75,30,4,true,false,false],[75,31,2,true,false,true],[76,9,2,true,true,false],[76,18,4,true,false,false],[76,19,2,true,false,true],[77,5,2,true,true,false],[78,25,3,true,true,false],[78,39,2,true,false,false],[78,41,1,true,true,false],[78,44,2,true,false,false],[78,45,1,true,false,true],[79,9,1,true,true,false],[79,38,2,true,false,false],[81,13,4,true,false,false],[82,2,0,false,false,false],[96,65,5,true,true,false],[97,9,5,true,true,false],[97,16,5,true,false,false],[97,20,4,true,true,false],[97,30,5,true,false,false],[97,34,3,true,true,false],[97,70,5,true,false,false],[97,71,3,true,false,true],[98,9,3,true,true,false],[98,18,5,true,false,false],[98,19,2,true,false,true],[99,5,2,true,true,false],[104,13,5,true,false,false],[105,2,0,false,false,false]],"summary":{"branches":{"count":26,"covered":25,"notcovered":1,"percent":96.15384615384616},"functions":{"count":7,"covered":7,"percent":100},"instantiations":{"count":7,"covered":7,"percent":100},"lines":{"count":65,"covered":65,"percent":100},"regions":{"count":42,"covered":42,"notcovered":0,"percent":100}}},{"branches":[],"expansions":[],"filename":"/Users/stiubedenis/Desktop/Facultate/Teme/Semestrul 2/OOP/lab_2-4Dinamic/main.c","segments":[[19,11,1,true,true,false],[21,1,0,false,true,false],[22,18,1,true,false,false],[23,2,0,false,false,false]],"summary":{"branches":{"count":0,"covered":0,"notcovered":0,"percent":0},"functions":{"count":1,"covered":1,"percent":100},"instantiations":{"count":1,"covered":1,"percent":100},"lines":{"count":3,"covered":3,"percent":100},"regions":{"count":1,"covered":1,"notcovered":0,"percent":100}}},{"branches":[[12,9,12,33,1,6,0,0,4],[17,9,17,23,1,5,0,0,4],[26,9,26,23,1,1,0,0,4],[33,9,33,33,1,3,0,0,4],[39,9,39,25,2,1,0,0,4],[95,12,95,19,12,4,0,0,4],[97,25,97,41,24,12,0,0,4],[98,17,98,28,12,12,0,0,4],[99,21,99,61,6,6,0,0,4],[107,21,107,60,6,6,0,0,4],[120,17,120,28,6,2,0,0,4],[121,13,121,23,3,3,0,0,4],[122,17,122,56,1,2,0,0,4],[127,17,127,56,2,1,0,0,4],[138,21,138,32,3,1,0,0,4],[139,13,139,51,1,2,0,0,4],[149,21,149,32,3,1,0,0,4],[150,13,150,53,1,2,0,0,4],[164,9,164,31,8,7,0,0,4],[164,35,164,57,4,4,0,0,4],[164,61,164,83,3,1,0,0,4],[171,9,171,27,2,17,0,0,4],[173,9,173,23,1,18,0,0,4],[173,27,173,41,0,18,0,0,4],[175,9,175,37,1,18,0,0,4],[177,9,177,38,1,18,0,0,4],[177,42,177,68,1,0,0,0,4],[179,9,179,31,10,9,0,0,4],[180,13,180,39,1,9,0,0,4],[184,13,184,39,2,7,0,0,4]],"expansions":[],"filename":"/Users/stiubedenis/Desktop/Facultate/Teme/Semestrul 2/OOP/lab_2-4Dinamic/service/service.c","segments":[[10,94,7,true,true,false],[12,9,7,true,true,false],[12,33,7,true,false,false],[12,34,1,true,true,false],[15,6,6,true,false,true],[16,5,6,true,true,false],[17,9,6,true,true,false],[17,23,6,true,false,false],[17,24,1,true,false,true],[17,25,1,true,true,false],[20,6,5,true,false,true],[21,5,5,true,true,false],[21,13,6,true,false,false],[22,2,0,false,false,false],[24,49,2,true,true,false],[26,9,2,true,true,false],[26,23,2,true,false,false],[26,24,1,true,false,true],[27,9,1,true,true,false],[27,18,2,true,false,false],[27,19,1,true,false,true],[28,5,1,true,true,false],[28,13,2,true,false,false],[29,2,0,false,false,false],[31,106,4,true,true,false],[33,9,4,true,true,false],[33,33,4,true,false,false],[33,34,1,true,true,false],[36,6,3,true,false,true],[37,5,3,true,true,false],[39,9,3,true,true,false],[39,25,3,true,false,false],[39,26,2,true,false,true],[40,9,2,true,true,false],[40,18,3,true,false,false],[40,19,1,true,false,true],[41,5,1,true,true,false],[41,13,3,true,false,false],[42,2,0,false,false,false],[93,80,4,true,true,false],[95,12,16,true,true,false],[95,19,4,true,false,false],[95,20,12,true,false,true],[95,21,12,true,true,false],[97,25,36,true,true,false],[97,41,12,true,false,false],[97,43,24,true,true,false],[97,46,12,true,false,false],[97,47,24,true,false,true],[98,13,24,true,true,false],[98,17,24,true,true,false],[98,28,24,true,false,false],[98,29,12,true,false,true],[98,30,12,true,true,false],[99,21,12,true,true,false],[99,61,12,true,false,false],[99,62,6,true,true,false],[104,18,12,true,false,false],[106,18,12,true,true,false],[107,21,12,true,true,false],[107,60,12,true,false,false],[107,61,6,true,true,false],[112,18,12,true,false,false],[114,6,4,true,false,false],[115,2,0,false,false,false],[117,70,2,true,true,false],[120,17,8,true,true,false],[120,28,2,true,false,false],[120,30,6,true,true,false],[120,33,2,true,false,false],[120,34,6,true,false,true],[120,35,6,true,true,false],[121,13,6,true,true,false],[121,23,6,true,false,false],[121,24,3,true,false,true],[121,25,3,true,true,false],[122,17,3,true,true,false],[122,56,3,true,false,false],[122,57,1,true,false,true],[122,58,1,true,true,false],[125,14,3,true,false,false],[126,16,3,true,true,false],[127,17,3,true,true,false],[127,56,3,true,false,false],[127,57,2,true,false,true],[127,58,2,true,true,false],[130,14,3,true,false,false],[131,10,6,true,false,false],[132,6,2,true,false,false],[134,2,0,false,false,false],[136,54,1,true,true,false],[138,21,4,true,true,false],[138,32,1,true,false,false],[138,34,3,true,true,false],[138,37,1,true,false,false],[138,38,3,true,true,false],[139,13,3,true,true,false],[139,51,3,true,false,false],[139,52,1,true,false,true],[139,53,1,true,true,false],[142,10,3,true,false,false],[143,6,1,true,false,false],[145,2,0,false,false,false],[147,56,1,true,true,false],[149,21,4,true,true,false],[149,32,1,true,false,false],[149,34,3,true,true,false],[149,37,1,true,false,false],[149,38,3,true,false,true],[149,39,3,true,true,false],[150,13,3,true,true,false],[150,53,3,true,false,false],[150,54,1,true,false,true],[150,55,1,true,true,false],[153,10,3,true,false,false],[154,6,1,true,false,false],[156,2,0,false,false,false],[158,28,15,true,true,false],[164,9,15,true,true,false],[164,31,15,true,false,false],[164,35,8,true,true,false],[164,57,15,true,false,false],[164,61,4,true,true,false],[164,83,15,true,false,false],[164,84,3,true,false,true],[165,9,3,true,true,false],[165,18,15,true,false,false],[167,2,0,false,false,false],[169,30,19,true,true,false],[171,9,19,true,true,false],[171,27,19,true,false,false],[171,28,2,true,false,true],[172,9,2,true,true,false],[172,18,19,true,false,false],[173,9,19,true,true,false],[173,23,19,true,false,false],[173,27,18,true,true,false],[173,41,19,true,false,false],[173,42,1,true,false,true],[174,9,1,true,true,false],[174,18,19,true,false,false],[175,9,19,true,true,false],[175,37,19,true,false,false],[175,38,1,true,false,true],[176,9,1,true,true,false],[176,18,19,true,false,false],[177,9,19,true,true,false],[177,38,19,true,false,false],[177,42,1,true,true,false],[177,68,19,true,false,false],[177,69,1,true,false,true],[178,9,1,true,true,false],[178,18,19,true,false,false],[179,9,19,true,true,false],[179,31,19,true,false,false],[179,32,10,true,true,false],[180,13,10,true,true,false],[180,39,10,true,false,false],[180,40,1,true,false,true],[181,13,1,true,true,false],[181,22,10,true,false,false],[182,6,9,true,false,true],[183,9,9,true,true,false],[184,13,9,true,true,false],[184,39,9,true,false,false],[184,40,2,true,false,true],[185,13,2,true,true,false],[185,22,9,true,false,false],[186,6,19,true,false,false],[188,2,0,false,false,false],[190,27,2,true,true,false],[192,2,0,false,false,false],[194,34,12,true,true,false],[196,2,0,false,false,false]],"summary":{"branches":{"count":60,"covered":58,"notcovered":2,"percent":96.666666666666671},"functions":{"count":11,"covered":11,"percent":100},"instantiations":{"count":11,"covered":11,"percent":100},"lines":{"count":128,"covered":128,"percent":100},"regions":{"count":83,"covered":83,"notcovered":0,"percent":100}}},{"branches":[],"expansions":[],"filename":"/Users/stiubedenis/Desktop/Facultate/Teme/Semestrul 2/OOP/lab_2-4Dinamic/teste/teste.c","segments":[[12,19,1,true,true,false],[14,37,1,true,false,true],[15,11,1,true,true,false],[15,52,1,true,false,true],[16,5,1,true,true,false],[17,60,1,true,false,true],[18,11,1,true,true,false],[18,64,1,true,false,true],[19,11,1,true,true,false],[19,62,1,true,false,true],[20,5,1,true,true,false],[21,2,0,false,false,false],[23,23,1,true,true,false],[25,27,1,true,false,true],[26,5,1,true,true,false],[28,26,1,true,false,true],[29,5,1,true,true,false],[30,2,0,false,false,false],[32,27,1,true,true,false],[34,27,1,true,false,true],[35,5,1,true,true,false],[41,27,1,true,false,true],[42,11,1,true,true,false],[42,26,1,true,false,true],[43,5,1,true,true,false],[44,2,0,false,false,false],[46,22,1,true,true,false],[58,45,1,true,false,true],[59,5,1,true,true,false],[61,2,0,false,false,false],[63,23,1,true,true,false],[66,37,1,true,false,true],[67,5,1,true,true,false],[69,38,1,true,false,true],[70,5,1,true,true,false],[72,37,1,true,false,true],[73,11,1,true,true,false],[73,38,1,true,false,true],[74,5,1,true,true,false],[76,37,1,true,false,true],[77,11,1,true,true,false],[78,2,0,false,false,false],[80,18,1,true,true,false],[88,48,1,true,false,true],[89,11,1,true,true,false],[89,48,1,true,false,true],[90,11,1,true,true,false],[90,49,1,true,false,true],[91,5,1,true,true,false],[93,2,0,false,false,false],[95,21,1,true,true,false],[97,26,1,true,false,true],[98,5,1,true,true,false],[100,26,1,true,false,true],[101,11,1,true,true,false],[101,55,1,true,false,true],[102,11,1,true,true,false],[102,47,1,true,false,true],[103,5,1,true,true,false],[104,27,1,true,false,true],[105,5,1,true,true,false],[106,2,0,false,false,false],[108,21,1,true,true,false],[114,26,1,true,false,true],[115,5,1,true,true,false],[118,26,1,true,false,true],[119,11,1,true,true,false],[119,47,1,true,false,true],[120,11,1,true,true,false],[120,59,1,true,false,true],[121,5,1,true,true,false],[122,27,1,true,false,true],[123,5,1,true,true,false],[124,1,0,false,true,false],[124,1,1,true,false,false],[125,2,0,false,false,false],[127,23,1,true,true,false],[133,26,1,true,false,true],[134,5,1,true,true,false],[136,47,1,true,false,true],[137,11,1,true,true,false],[137,61,1,true,false,true],[138,11,1,true,true,false],[138,26,1,true,false,true],[139,5,1,true,true,false],[140,29,1,true,false,true],[141,5,1,true,true,false],[143,2,0,false,false,false],[145,20,1,true,true,false],[153,26,1,true,false,true],[154,5,1,true,true,false],[155,47,1,true,false,true],[156,11,1,true,true,false],[156,47,1,true,false,true],[157,11,1,true,true,false],[157,47,1,true,false,true],[158,5,1,true,true,false],[159,47,1,true,false,true],[160,11,1,true,true,false],[160,47,1,true,false,true],[161,11,1,true,true,false],[161,47,1,true,false,true],[162,5,1,true,true,false],[163,47,1,true,false,true],[164,11,1,true,true,false],[164,59,1,true,false,true],[165,5,1,true,true,false],[166,47,1,true,false,true],[167,11,1,true,true,false],[167,47,1,true,false,true],[168,11,1,true,true,false],[168,62,1,true,false,true],[169,11,1,true,true,false],[169,62,1,true,false,true],[170,5,1,true,true,false],[171,2,0,false,false,false],[173,21,1,true,true,false],[183,41,1,true,false,true],[184,11,1,true,true,false],[184,106,1,true,false,true],[185,5,1,true,true,false],[186,39,1,true,false,true],[187,11,1,true,true,false],[187,69,1,true,false,true],[188,5,1,true,true,false],[189,40,1,true,false,true],[190,11,1,true,true,false],[190,70,1,true,false,true],[191,11,1,true,true,false],[191,41,1,true,false,true],[192,11,1,true,true,false],[192,62,1,true,false,true],[193,5,1,true,true,false],[198,2,0,false,false,false],[200,26,1,true,true,false],[202,31,1,true,false,true],[203,5,1,true,true,false],[205,2,0,false,false,false],[207,26,1,true,true,false],[211,30,1,true,false,true],[212,11,1,true,true,false],[212,30,1,true,false,true],[213,11,1,true,true,false],[214,2,0,false,false,false],[216,26,1,true,true,false],[224,32,1,true,false,true],[225,11,1,true,true,false],[225,33,1,true,false,true],[226,11,1,true,true,false],[226,33,1,true,false,true],[227,11,1,true,true,false],[227,33,1,true,false,true],[228,11,1,true,true,false],[228,33,1,true,false,true],[229,11,1,true,true,false],[229,33,1,true,false,true],[230,11,1,true,true,false],[231,2,0,false,false,false],[233,28,1,true,true,false],[239,37,1,true,false,true],[240,5,1,true,true,false],[241,2,0,false,false,false],[243,27,1,true,true,false],[245,26,1,true,false,true],[246,5,1,true,true,false],[251,26,1,true,false,true],[252,11,1,true,true,false],[254,26,1,true,false,true],[255,11,1,true,true,false],[255,21,1,true,false,true],[256,11,1,true,true,false],[258,21,1,true,false,true],[259,5,1,true,true,false],[260,2,0,false,false,false],[262,27,1,true,true,false],[264,26,1,true,false,true],[265,5,1,true,true,false],[270,26,1,true,false,true],[271,5,1,true,true,false],[272,26,1,true,false,true],[273,5,1,true,true,false],[274,26,1,true,false,true],[275,5,1,true,true,false],[276,26,1,true,false,true],[277,11,1,true,true,false],[277,21,1,true,false,true],[278,5,1,true,true,false],[279,2,0,false,false,false],[281,29,1,true,true,false],[283,26,1,true,false,true],[284,5,1,true,true,false],[289,26,1,true,false,true],[290,5,1,true,true,false],[291,26,1,true,false,true],[292,11,1,true,true,false],[292,59,1,true,false,true],[293,11,1,true,true,false],[293,47,1,true,false,true],[294,5,1,true,true,false],[295,21,1,true,false,true],[296,5,1,true,true,false],[297,26,1,true,false,true],[298,11,1,true,true,false],[298,47,1,true,false,true],[299,5,1,true,true,false],[300,29,1,true,false,true],[301,11,1,true,true,false],[301,26,1,true,false,true],[302,11,1,true,true,false],[302,47,1,true,false,true],[303,5,1,true,true,false],[304,29,1,true,false,true],[305,11,1,true,true,false],[305,26,1,true,false,true],[306,5,1,true,true,false],[307,2,0,false,false,false],[309,16,1,true,true,false],[328,2,0,false,false,false]],"summary":{"branches":{"count":0,"covered":0,"notcovered":0,"percent":0},"functions":{"count":19,"covered":19,"percent":100},"instantiations":{"count":19,"covered":19,"percent":100},"lines":{"count":298,"covered":298,"percent":100},"regions":{"count":108,"covered":108,"notcovered":0,"percent":100}}},{"branches":[[12,9,12,21,0,0,0,0,4],[15,25,15,36,0,0,0,0,4],[32,12,32,26,0,0,0,0,4],[52,12,52,26,0,0,0,0,4],[75,12,75,28,0,0,0,0,4],[97,9,97,28,0,0,0,0,4],[101,14,101,33,0,0,0,0,4],[111,9,111,28,0,0,0,0,4],[115,14,115,33,0,0,0,0,4],[128,9,128,28,0,0,0,0,4],[133,14,133,33,0,0,0,0,4],[166,12,166,13,0,0,0,0,4],[171,13,171,27,0,0,0,0,4],[174,18,174,32,0,0,0,0,4],[177,18,177,32,0,0,0,0,4],[180,18,180,32,0,0,0,0,4],[183,18,183,32,0,0,0,0,4],[186,18,186,32,0,0,0,0,4],[189,18,189,32,0,0,0,0,4],[192,18,192,32,0,0,0,0,4],[195,18,195,32,0,0,0,0,4],[198,18,198,32,0,0,0,0,4],[201,18,201,32,0,0,0,0,4]],"expansions":[],"filename":"/Users/stiubedenis/Desktop/Facultate/Teme/Semestrul 2/OOP/lab_2-4Dinamic/ui/ui.c","segments":[[11,32,0,true,true,false],[12,9,0,true,true,false],[12,21,0,true,false,false],[13,9,0,true,true,false],[13,38,0,true,false,false],[15,9,0,true,true,false],[15,25,0,true,true,false],[15,36,0,true,false,false],[15,38,0,true,true,false],[15,41,0,true,false,false],[16,13,0,true,true,false],[17,46,0,true,false,false],[18,2,0,false,false,false],[20,40,0,true,true,false],[32,12,0,true,true,false],[32,26,0,true,false,false],[32,27,0,true,true,false],[43,6,0,true,false,false],[45,2,0,false,false,false],[47,40,0,true,true,false],[52,12,0,true,true,false],[52,26,0,true,false,false],[52,27,0,true,true,false],[57,6,0,true,false,false],[59,2,0,false,false,false],[61,42,0,true,true,false],[75,12,0,true,true,false],[75,28,0,true,false,false],[75,29,0,true,true,false],[88,6,0,true,false,false],[90,2,0,false,false,false],[92,45,0,true,true,false],[97,9,0,true,true,false],[97,28,0,true,false,false],[97,29,0,true,true,false],[100,6,0,true,false,true],[101,10,0,true,true,false],[101,14,0,true,true,false],[101,33,0,true,false,false],[101,34,0,true,true,false],[104,6,0,true,false,false],[105,2,0,false,false,false],[107,45,0,true,true,false],[111,9,0,true,true,false],[111,28,0,true,false,false],[111,29,0,true,true,false],[114,6,0,true,false,true],[115,10,0,true,true,false],[115,14,0,true,true,false],[115,33,0,true,false,false],[115,34,0,true,true,false],[118,6,0,true,false,false],[119,2,0,false,false,false],[121,37,0,true,true,false],[128,9,0,true,true,false],[128,28,0,true,false,false],[128,29,0,true,true,false],[132,6,0,true,false,true],[133,10,0,true,true,false],[133,14,0,true,true,false],[133,33,0,true,false,false],[133,34,0,true,true,false],[137,6,0,true,false,false],[138,1,0,false,true,false],[138,1,0,true,false,false],[139,2,0,false,false,false],[141,36,0,true,true,false],[148,2,0,false,false,false],[150,37,0,true,true,false],[157,2,0,false,false,false],[159,13,0,true,true,false],[162,2,0,false,false,false],[164,29,0,true,true,false],[166,12,0,true,true,false],[166,13,0,true,false,false],[166,14,0,true,true,false],[170,1,0,false,true,false],[170,1,0,true,false,false],[171,13,0,true,true,false],[171,27,0,true,false,false],[172,13,0,true,true,false],[172,18,0,true,false,false],[173,1,0,false,true,false],[173,1,0,true,false,true],[174,14,0,true,true,false],[174,18,0,true,true,false],[174,32,0,true,false,false],[175,13,0,true,true,false],[175,28,0,true,false,false],[176,1,0,false,true,false],[176,1,0,true,false,true],[177,14,0,true,true,false],[177,18,0,true,true,false],[177,32,0,true,false,false],[178,13,0,true,true,false],[178,20,0,true,false,false],[179,1,0,false,true,false],[179,1,0,true,false,true],[180,14,0,true,true,false],[180,18,0,true,true,false],[180,32,0,true,false,false],[181,13,0,true,true,false],[181,34,0,true,false,false],[182,1,0,false,true,false],[182,1,0,true,false,true],[183,14,0,true,true,false],[183,18,0,true,true,false],[183,32,0,true,false,false],[184,13,0,true,true,false],[184,34,0,true,false,false],[185,1,0,false,true,false],[185,1,0,true,false,true],[186,14,0,true,true,false],[186,18,0,true,true,false],[186,32,0,true,false,false],[187,13,0,true,true,false],[187,36,0,true,false,false],[188,1,0,false,true,false],[188,1,0,true,false,true],[189,14,0,true,true,false],[189,18,0,true,true,false],[189,32,0,true,false,false],[190,13,0,true,true,false],[190,39,0,true,false,false],[191,1,0,false,true,false],[191,1,0,true,false,true],[192,14,0,true,true,false],[192,18,0,true,true,false],[192,32,0,true,false,false],[193,13,0,true,true,false],[193,39,0,true,false,false],[194,1,0,false,true,false],[194,1,0,true,false,true],[195,14,0,true,true,false],[195,18,0,true,true,false],[195,32,0,true,false,false],[196,13,0,true,true,false],[196,33,0,true,false,false],[197,1,0,false,true,false],[197,1,0,true,false,true],[198,14,0,true,true,false],[198,18,0,true,true,false],[198,32,0,true,false,false],[199,13,0,true,true,false],[199,32,0,true,false,false],[200,1,0,false,true,false],[200,1,0,true,false,true],[201,14,0,true,true,false],[201,18,0,true,true,false],[201,32,0,true,false,false],[202,13,0,true,true,false],[202,33,0,true,false,false],[203,1,0,false,true,false],[203,1,0,true,false,true],[205,13,0,true,true,false],[205,44,0,true,false,false],[206,1,0,false,true,false],[206,1,0,true,false,false],[209,2,0,false,false,false]],"summary":{"branches":{"count":44,"covered":0,"notcovered":44,"percent":0},"functions":{"count":11,"covered":0,"percent":0},"instantiations":{"count":11,"covered":0,"percent":0},"lines":{"count":175,"covered":0,"percent":0},"regions":{"count":73,"covered":0,"notcovered":73,"percent":0}}},{"branches":[[6,9,6,52,7,23,0,0,4],[7,5,7,62,7,0,0,0,4],[8,5,8,50,7,0,0,0,4],[9,5,9,43,6,1,0,0,4],[16,9,16,59,7,11,0,0,4],[18,14,18,64,7,4,0,0,4],[21,13,21,71,1,3,0,0,4],[23,18,23,76,1,2,0,0,4],[26,17,26,68,1,1,0,0,4]],"expansions":[],"filename":"/Users/stiubedenis/Desktop/Facultate/Teme/Semestrul 2/OOP/lab_2-4Dinamic/utils/utils.c","segments":[[4,48,30,true,true,false],[6,9,30,true,true,false],[6,52,30,true,false,false],[7,5,7,true,true,false],[7,62,30,true,false,false],[8,5,7,true,true,false],[8,50,30,true,false,false],[9,5,7,true,true,false],[9,43,30,true,false,false],[9,44,6,true,false,true],[10,9,6,true,true,false],[10,17,30,true,false,false],[12,2,0,false,false,false],[14,43,18,true,true,false],[16,9,18,true,true,false],[16,59,18,true,false,false],[16,60,7,true,false,true],[17,9,7,true,true,false],[17,17,18,true,false,false],[17,18,11,true,false,true],[18,10,11,true,true,false],[18,14,11,true,true,false],[18,64,11,true,false,false],[18,65,7,true,false,true],[19,9,7,true,true,false],[19,17,11,true,false,false],[19,18,4,true,false,true],[20,9,4,true,true,false],[21,13,4,true,true,false],[21,71,4,true,false,false],[21,72,1,true,false,true],[22,13,1,true,true,false],[22,21,4,true,false,false],[22,22,3,true,false,true],[23,14,3,true,true,false],[23,18,3,true,true,false],[23,76,3,true,false,false],[23,77,1,true,false,true],[24,13,1,true,true,false],[24,21,3,true,false,false],[24,22,2,true,false,true],[25,13,2,true,true,false],[26,17,2,true,true,false],[26,68,2,true,false,false],[26,69,1,true,false,true],[27,17,1,true,true,false],[27,25,2,true,false,false],[27,26,1,true,false,true],[28,13,1,true,true,false],[28,21,2,true,false,false],[29,10,4,true,false,false],[30,6,18,true,false,false],[31,2,0,false,false,false],[33,39,12,true,true,false],[35,2,0,false,false,false],[37,35,12,true,true,false],[39,2,0,false,false,false],[41,36,5,true,true,false],[44,2,0,false,false,false]],"summary":{"branches":{"count":18,"covered":16,"notcovered":2,"percent":88.888888888888886},"functions":{"count":5,"covered":5,"percent":100},"instantiations":{"count":5,"covered":5,"percent":100},"lines":{"count":37,"covered":37,"percent":100},"regions":{"count":28,"covered":28,"notcovered":0,"percent":100}}}],"functions":[{"branches":[],"count":1,"filenames":["/Users/stiubedenis/Desktop/Facultate/Teme/Semestrul 2/OOP/lab_2-4Dinamic/main.c"],"name":"main","regions":[[19,11,23,2,1,0,0,0],[21,1,22,18,0,0,0,2]]},{"branches":[],"count":90,"filenames":["/Users/stiubedenis/Desktop/Facultate/Teme/Semestrul 2/OOP/lab_2-4Dinamic/domain/oferte.c"],"name":"get_tip","regions":[[7,1,9,2,90,0,0,0]]},{"branches":[],"count":21,"filenames":["/Users/stiubedenis/Desktop/Facultate/Teme/Semestrul 2/OOP/lab_2-4Dinamic/domain/oferte.c"],"name":"get_destinatie","regions":[[12,1,14,2,21,0,0,0]]},{"branches":[],"count":41,"filenames":["/Users/stiubedenis/Desktop/Facultate/Teme/Semestrul 2/OOP/lab_2-4Dinamic/domain/oferte.c"],"name":"get_data","regions":[[17,1,19,2,41,0,0,0]]},{"branches":[],"count":5,"filenames":["/Users/stiubedenis/Desktop/Facultate/Teme/Semestrul 2/OOP/lab_2-4Dinamic/domain/oferte.c"],"name":"get_zi","regions":[[21,35,25,2,5,0,0,0]]},{"branches":[],"count":15,"filenames":["/Users/stiubedenis/Desktop/Facultate/Teme/Semestrul 2/OOP/lab_2-4Dinamic/domain/oferte.c"],"name":"get_luna","regions":[[27,39,31,2,15,0,0,0]]},{"branches":[],"count":59,"filenames":["/Users/stiubedenis/Desktop/Facultate/Teme/Semestrul 2/OOP/lab_2-4Dinamic/domain/oferte.c"],"name":"get_an","regions":[[33,35,36,2,59,0,0,0]]},{"branches":[],"count":46,"filenames":["/Users/stiubedenis/Desktop/Facultate/Teme/Semestrul 2/OOP/lab_2-4Dinamic/domain/oferte.c"],"name":"get_pret","regions":[[39,1,41,2,46,0,0,0]]},{"branches":[],"count":42,"filenames":["/Users/stiubedenis/Desktop/Facultate/Teme/Semestrul 2/OOP/lab_2-4Dinamic/domain/oferte.c"],"name":"set_tip","regions":[[43,40,46,2,42,0,0,0],[44,1,44,25,0,0,0,2]]},{"branches":[],"count":42,"filenames":["/Users/stiubedenis/Desktop/Facultate/Teme/Semestrul 2/OOP/lab_2-4Dinamic/domain/oferte.c"],"name":"set_destinatie","regions":[[48,54,51,2,42,0,0,0],[49,1,49,39,0,0,0,2]]},{"branches":[],"count":42,"filenames":["/Users/stiubedenis/Desktop/Facultate/Teme/Semestrul 2/OOP/lab_2-4Dinamic/domain/oferte.c"],"name":"set_data","regions":[[53,42,56,2,42,0,0,0],[54,1,54,27,0,0,0,2]]},{"branches":[],"count":42,"filenames":["/Users/stiubedenis/Desktop/Facultate/Teme/Semestrul 2/OOP/lab_2-4Dinamic/domain/oferte.c"],"name":"set_pret","regions":[[58,40,60,2,42,0,0,0]]},{"branches":[],"count":40,"filenames":["/Users/stiubedenis/Desktop/Facultate/Teme/Semestrul 2/OOP/lab_2-4Dinamic/domain/oferte.c"],"name":"CreeazaOferta","regions":[[63,1,73,2,40,0,0,0]]},{"branches":[],"count":40,"filenames":["/Users/stiubedenis/Desktop/Facultate/Teme/Semestrul 2/OOP/lab_2-4Dinamic/domain/oferte.c"],"name":"DistrugeOferta","regions":[[75,36,80,2,40,0,0,0]]},{"branches":[[6,9,6,52,7,23,0,0,4],[7,5,7,62,7,0,0,0,4],[8,5,8,50,7,0,0,0,4],[9,5,9,43,6,1,0,0,4]],"count":30,"filenames":["/Users/stiubedenis/Desktop/Facultate/Teme/Semestrul 2/OOP/lab_2-4Dinamic/utils/utils.c"],"name":"Egalitate","regions":[[4,48,12,2,30,0,0,0],[6,9,6,52,30,0,0,0],[6,9,7,62,30,0,0,0],[6,9,8,50,30,0,0,0],[6,9,9,43,30,0,0,0],[7,5,7,62,7,0,0,0],[8,5,8,50,7,0,0,0],[9,5,9,43,7,0,0,0],[9,44,10,9,6,0,0,3],[10,9,10,17,6,0,0,0]]},{"branches":[[16,9,16,59,7,11,0,0,4],[18,14,18,64,7,4,0,0,4],[21,13,21,71,1,3,0,0,4],[23,18,23,76,1,2,0,0,4],[26,17,26,68,1,1,0,0,4]],"count":18,"filenames":["/Users/stiubedenis/Desktop/Facultate/Teme/Semestrul 2/OOP/lab_2-4Dinamic/utils/utils.c"],"name":"Cronologic","regions":[[14,43,31,2,18,0,0,0],[16,9,16,59,18,0,0,0],[16,60,17,9,7,0,0,3],[17,9,17,17,7,0,0,0],[17,18,18,10,11,0,0,3],[18,10,30,6,11,0,0,0],[18,14,18,64,11,0,0,0],[18,65,19,9,7,0,0,3],[19,9,19,17,7,0,0,0],[19,18,20,9,4,0,0,3],[20,9,30,6,4,0,0,0],[21,13,21,71,4,0,0,0],[21,72,22,13,1,0,0,3],[22,13,22,21,1,0,0,0],[22,22,23,14,3,0,0,3],[23,14,29,10,3,0,0,0],[23,18,23,76,3,0,0,0],[23,77,24,13,1,0,0,3],[24,13,24,21,1,0,0,0],[24,22,25,13,2,0,0,3],[25,13,29,10,2,0,0,0],[26,17,26,68,2,0,0,0],[26,69,27,17,1,0,0,3],[27,17,27,25,1,0,0,0],[27,26,28,13,1,0,0,3],[28,13,28,21,1,0,0,0]]},{"branches":[],"count":12,"filenames":["/Users/stiubedenis/Desktop/Facultate/Teme/Semestrul 2/OOP/lab_2-4Dinamic/utils/utils.c"],"name":"MaiMicData","regions":[[33,39,35,2,12,0,0,0]]},{"branches":[],"count":12,"filenames":["/Users/stiubedenis/Desktop/Facultate/Teme/Semestrul 2/OOP/lab_2-4Dinamic/utils/utils.c"],"name":"MaiMic","regions":[[37,35,39,2,12,0,0,0]]},{"branches":[],"count":5,"filenames":["/Users/stiubedenis/Desktop/Facultate/Teme/Semestrul 2/OOP/lab_2-4Dinamic/utils/utils.c"],"name":"CopieOferta","regions":[[41,36,44,2,5,0,0,0]]},{"branches":[],"count":1,"filenames":["/Users/stiubedenis/Desktop/Facultate/Teme/Semestrul 2/OOP/lab_2-4Dinamic/teste/teste.c"],"name":"test_creare","regions":[[12,19,21,2,1,0,0,0],[14,37,15,5,1,0,0,3],[15,11,21,2,1,0,0,0],[15,52,16,5,1,0,0,3],[16,5,21,2,1,0,0,0],[17,60,18,5,1,0,0,3],[18,11,21,2,1,0,0,0],[18,64,19,5,1,0,0,3],[19,11,21,2,1,0,0,0],[19,62,20,5,1,0,0,3],[20,5,21,2,1,0,0,0]]},{"branches":[],"count":1,"filenames":["/Users/stiubedenis/Desktop/Facultate/Teme/Semestrul 2/OOP/lab_2-4Dinamic/teste/teste.c"],"name":"test_distrugere","regions":[[23,23,30,2,1,0,0,0],[25,27,26,5,1,0,0,3],[26,5,30,2,1,0,0,0],[28,26,29,5,1,0,0,3],[29,5,30,2,1,0,0,0]]},{"branches":[],"count":1,"filenames":["/Users/stiubedenis/Desktop/Facultate/Teme/Semestrul 2/OOP/lab_2-4Dinamic/teste/teste.c"],"name":"test_redimensionare","regions":[[32,27,44,2,1,0,0,0],[34,27,35,5,1,0,0,3],[35,5,44,2,1,0,0,0],[41,27,42,5,1,0,0,3],[42,11,44,2,1,0,0,0],[42,26,43,5,1,0,0,3],[43,5,44,2,1,0,0,0]]},{"branches":[],"count":1,"filenames":["/Users/stiubedenis/Desktop/Facultate/Teme/Semestrul 2/OOP/lab_2-4Dinamic/teste/teste.c"],"name":"test_egalitate","regions":[[46,22,61,2,1,0,0,0],[58,45,59,5,1,0,0,3],[59,5,61,2,1,0,0,0]]},{"branches":[],"count":1,"filenames":["/Users/stiubedenis/Desktop/Facultate/Teme/Semestrul 2/OOP/lab_2-4Dinamic/teste/teste.c"],"name":"test_cronologic","regions":[[63,23,78,2,1,0,0,0],[66,37,67,5,1,0,0,3],[67,5,78,2,1,0,0,0],[69,38,70,5,1,0,0,3],[70,5,78,2,1,0,0,0],[72,37,73,5,1,0,0,3],[73,11,78,2,1,0,0,0],[73,38,74,5,1,0,0,3],[74,5,78,2,1,0,0,0],[76,37,77,5,1,0,0,3],[77,11,78,2,1,0,0,0]]},{"branches":[],"count":1,"filenames":["/Users/stiubedenis/Desktop/Facultate/Teme/Semestrul 2/OOP/lab_2-4Dinamic/teste/teste.c"],"name":"test_gasit","regions":[[80,18,93,2,1,0,0,0],[88,48,89,5,1,0,0,3],[89,11,93,2,1,0,0,0],[89,48,90,5,1,0,0,3],[90,11,93,2,1,0,0,0],[90,49,91,5,1,0,0,3],[91,5,93,2,1,0,0,0]]},{"branches":[],"count":1,"filenames":["/Users/stiubedenis/Desktop/Facultate/Teme/Semestrul 2/OOP/lab_2-4Dinamic/teste/teste.c"],"name":"test_adaugare","regions":[[95,21,106,2,1,0,0,0],[97,26,98,5,1,0,0,3],[98,5,106,2,1,0,0,0],[100,26,101,5,1,0,0,3],[101,11,106,2,1,0,0,0],[101,55,102,5,1,0,0,3],[102,11,106,2,1,0,0,0],[102,47,103,5,1,0,0,3],[103,5,106,2,1,0,0,0],[104,27,105,5,1,0,0,3],[105,5,106,2,1,0,0,0]]},{"branches":[],"count":1,"filenames":["/Users/stiubedenis/Desktop/Facultate/Teme/Semestrul 2/OOP/lab_2-4Dinamic/teste/teste.c"],"name":"test_stergere","regions":[[108,21,125,2,1,0,0,0],[114,26,115,5,1,0,0,3],[115,5,125,2,1,0,0,0],[118,26,119,5,1,0,0,3],[119,11,125,2,1,0,0,0],[119,47,120,5,1,0,0,3],[120,11,125,2,1,0,0,0],[120,59,121,5,1,0,0,3],[121,5,125,2,1,0,0,0],[122,27,123,5,1,0,0,3],[123,5,125,2,1,0,0,0],[124,1,124,1,0,0,0,2]]},{"branches":[],"count":1,"filenames":["/Users/stiubedenis/Desktop/Facultate/Teme/Semestrul 2/OOP/lab_2-4Dinamic/teste/teste.c"],"name":"test_modificare","regions":[[127,23,143,2,1,0,0,0],[133,26,134,5,1,0,0,3],[134,5,143,2,1,0,0,0],[136,47,137,5,1,0,0,3],[137,11,143,2,1,0,0,0],[137,61,138,5,1,0,0,3],[138,11,143,2,1,0,0,0],[138,26,139,5,1,0,0,3],[139,5,143,2,1,0,0,0],[140,29,141,5,1,0,0,3],[141,5,143,2,1,0,0,0]]},{"branches":[],"count":1,"filenames":["/Users/stiubedenis/Desktop/Facultate/Teme/Semestrul 2/OOP/lab_2-4Dinamic/teste/teste.c"],"name":"test_sortare","regions":[[145,20,171,2,1,0,0,0],[153,26,154,5,1,0,0,3],[154,5,171,2,1,0,0,0],[155,47,156,5,1,0,0,3],[156,11,171,2,1,0,0,0],[156,47,157,5,1,0,0,3],[157,11,171,2,1,0,0,0],[157,47,158,5,1,0,0,3],[158,5,171,2,1,0,0,0],[159,47,160,5,1,0,0,3],[160,11,171,2,1,0,0,0],[160,47,161,5,1,0,0,3],[161,11,171,2,1,0,0,0],[161,47,162,5,1,0,0,3],[162,5,171,2,1,0,0,0],[163,47,164,5,1,0,0,3],[164,11,171,2,1,0,0,0],[164,59,165,5,1,0,0,3],[165,5,171,2,1,0,0,0],[166,47,167,5,1,0,0,3],[167,11,171,2,1,0,0,0],[167,47,168,5,1,0,0,3],[168,11,171,2,1,0,0,0],[168,62,169,5,1,0,0,3],[169,11,171,2,1,0,0,0],[169,62,170,5,1,0,0,3],[170,5,171,2,1,0,0,0]]},{"branches":[],"count":1,"filenames":["/Users/stiubedenis/Desktop/Facultate/Teme/Semestrul 2/OOP/lab_2-4Dinamic/teste/teste.c"],"name":"test_filtrare","regions":[[173,21,198,2,1,0,0,0],[183,41,184,5,1,0,0,3],[184,11,198,2,1,0,0,0],[184,106,185,5,1,0,0,3],[185,5,198,2,1,0,0,0],[186,39,187,5,1,0,0,3],[187,11,198,2,1,0,0,0],[187,69,188,5,1,0,0,3],[188,5,198,2,1,0,0,0],[189,40,190,5,1,0,0,3],[190,11,198,2,1,0,0,0],[190,70,191,5,1,0,0,3],[191,11,198,2,1,0,0,0],[191,41,192,5,1,0,0,3],[192,11,198,2,1,0,0,0],[192,62,193,5,1,0,0,3],[193,5,198,2,1,0,0,0]]},{"branches":[],"count":1,"filenames":["/Users/stiubedenis/Desktop/Facultate/Teme/Semestrul 2/OOP/lab_2-4Dinamic/teste/teste.c"],"name":"test_validare_pret","regions":[[200,26,205,2,1,0,0,0],[202,31,203,5,1,0,0,3],[203,5,205,2,1,0,0,0]]},{"branches":[],"count":1,"filenames":["/Users/stiubedenis/Desktop/Facultate/Teme/Semestrul 2/OOP/lab_2-4Dinamic/teste/teste.c"],"name":"test_validare_tip","regions":[[207,26,214,2,1,0,0,0],[211,30,212,5,1,0,0,3],[212,11,214,2,1,0,0,0],[212,30,213,5,1,0,0,3],[213,11,214,2,1,0,0,0]]},{"branches":[],"count":1,"filenames":["/Users/stiubedenis/Desktop/Facultate/Teme/Semestrul 2/OOP/lab_2-4Dinamic/teste/teste.c"],"name":"test_validare_data","regions":[[216,26,231,2,1,0,0,0],[224,32,225,5,1,0,0,3],[225,11,231,2,1,0,0,0],[225,33,226,5,1,0,0,3],[226,11,231,2,1,0,0,0],[226,33,227,5,1,0,0,3],[227,11,231,2,1,0,0,0],[227,33,228,5,1,0,0,3],[228,11,231,2,1,0,0,0],[228,33,229,5,1,0,0,3],[229,11,231,2,1,0,0,0],[229,33,230,5,1,0,0,3],[230,11,231,2,1,0,0,0]]},{"branches":[],"count":1,"filenames":["/Users/stiubedenis/Desktop/Facultate/Teme/Semestrul 2/OOP/lab_2-4Dinamic/teste/teste.c"],"name":"test_validare_oferta","regions":[[233,28,241,2,1,0,0,0],[239,37,240,5,1,0,0,3],[240,5,241,2,1,0,0,0]]},{"branches":[],"count":1,"filenames":["/Users/stiubedenis/Desktop/Facultate/Teme/Semestrul 2/OOP/lab_2-4Dinamic/teste/teste.c"],"name":"test_adauga_service","regions":[[243,27,260,2,1,0,0,0],[245,26,246,5,1,0,0,3],[246,5,260,2,1,0,0,0],[251,26,252,5,1,0,0,3],[252,11,260,2,1,0,0,0],[254,26,255,5,1,0,0,3],[255,11,260,2,1,0,0,0],[255,21,256,5,1,0,0,3],[256,11,260,2,1,0,0,0],[258,21,259,5,1,0,0,3],[259,5,260,2,1,0,0,0]]},{"branches":[],"count":1,"filenames":["/Users/stiubedenis/Desktop/Facultate/Teme/Semestrul 2/OOP/lab_2-4Dinamic/teste/teste.c"],"name":"test_sterge_service","regions":[[262,27,279,2,1,0,0,0],[264,26,265,5,1,0,0,3],[265,5,279,2,1,0,0,0],[270,26,271,5,1,0,0,3],[271,5,279,2,1,0,0,0],[272,26,273,5,1,0,0,3],[273,5,279,2,1,0,0,0],[274,26,275,5,1,0,0,3],[275,5,279,2,1,0,0,0],[276,26,277,5,1,0,0,3],[277,11,279,2,1,0,0,0],[277,21,278,5,1,0,0,3],[278,5,279,2,1,0,0,0]]},{"branches":[],"count":1,"filenames":["/Users/stiubedenis/Desktop/Facultate/Teme/Semestrul 2/OOP/lab_2-4Dinamic/teste/teste.c"],"name":"test_modifica_service","regions":[[281,29,307,2,1,0,0,0],[283,26,284,5,1,0,0,3],[284,5,307,2,1,0,0,0],[289,26,290,5,1,0,0,3],[290,5,307,2,1,0,0,0],[291,26,292,5,1,0,0,3],[292,11,307,2,1,0,0,0],[292,59,293,5,1,0,0,3],[293,11,307,2,1,0,0,0],[293,47,294,5,1,0,0,3],[294,5,307,2,1,0,0,0],[295,21,296,5,1,0,0,3],[296,5,307,2,1,0,0,0],[297,26,298,5,1,0,0,3],[298,11,307,2,1,0,0,0],[298,47,299,5,1,0,0,3],[299,5,307,2,1,0,0,0],[300,29,301,5,1,0,0,3],[301,11,307,2,1,0,0,0],[301,26,302,5,1,0,0,3],[302,11,307,2,1,0,0,0],[302,47,303,5,1,0,0,3],[303,5,307,2,1,0,0,0],[304,29,305,5,1,0,0,3],[305,11,307,2,1,0,0,0],[305,26,306,5,1,0,0,3],[306,5,307,2,1,0,0,0]]},{"branches":[],"count":1,"filenames":["/Users/stiubedenis/Desktop/Facultate/Teme/Semestrul 2/OOP/lab_2-4Dinamic/teste/teste.c"],"name":"AllTests","regions":[[309,16,328,2,1,0,0,0]]},{"branches":[],"count":15,"filenames":["/Users/stiubedenis/Desktop/Facultate/Teme/Semestrul 2/OOP/lab_2-4Dinamic/list/lista.c"],"name":"CreeazaVid","regions":[[11,26,17,2,15,0,0,0]]},{"branches":[[20,21,20,33,26,15,0,0,4]],"count":15,"filenames":["/Users/stiubedenis/Desktop/Facultate/Teme/Semestrul 2/OOP/lab_2-4Dinamic/list/lista.c"],"name":"DistrugeLista","regions":[[19,39,25,2,15,0,0,0],[20,21,20,33,41,0,0,0],[20,35,20,38,26,0,0,0],[20,39,22,6,26,0,0,0]]},{"branches":[[29,21,29,34,8,4,0,0,4]],"count":4,"filenames":["/Users/stiubedenis/Desktop/Facultate/Teme/Semestrul 2/OOP/lab_2-4Dinamic/list/lista.c"],"name":"RedimensionareLista","regions":[[27,45,35,2,4,0,0,0],[29,21,29,34,12,0,0,0],[29,36,29,39,8,0,0,0],[29,40,31,6,8,0,0,0]]},{"branches":[[38,21,38,29,18,28,0,0,4],[39,13,39,44,2,16,0,0,4],[41,9,41,24,24,4,0,0,4]],"count":30,"filenames":["/Users/stiubedenis/Desktop/Facultate/Teme/Semestrul 2/OOP/lab_2-4Dinamic/list/lista.c"],"name":"AdaugaOferta","regions":[[37,49,49,2,30,0,0,0],[38,21,38,29,46,0,0,0],[38,31,38,34,16,0,0,0],[38,35,39,9,18,0,0,3],[39,9,40,22,18,0,0,0],[39,13,39,44,18,0,0,0],[39,45,40,13,2,0,0,3],[40,13,40,22,2,0,0,0],[40,23,41,5,28,0,0,3],[41,5,48,13,28,0,0,0],[41,9,41,24,28,0,0,0],[41,25,42,9,24,0,0,3],[42,9,42,33,24,0,0,0],[42,34,43,9,4,0,0,3],[43,9,46,6,4,0,0,0]]},{"branches":[[54,17,54,25,11,6,0,0,4],[56,12,56,44,3,8,0,0,4]],"count":6,"filenames":["/Users/stiubedenis/Desktop/Facultate/Teme/Semestrul 2/OOP/lab_2-4Dinamic/list/lista.c"],"name":"GasesteOferta","regions":[[51,49,60,2,6,0,0,0],[54,17,54,25,17,0,0,0],[54,27,54,30,11,0,0,0],[54,31,55,5,11,0,0,3],[55,5,58,6,11,0,0,0],[56,12,56,44,11,0,0,0],[56,45,57,13,3,0,0,3],[57,13,57,22,3,0,0,0]]},{"branches":[[75,9,75,16,0,4,0,0,4],[75,20,75,30,2,2,0,0,4],[78,25,78,39,1,2,0,0,4]],"count":4,"filenames":["/Users/stiubedenis/Desktop/Facultate/Teme/Semestrul 2/OOP/lab_2-4Dinamic/list/lista.c"],"name":"StergeOferta","regions":[[74,42,82,2,4,0,0,0],[75,9,75,16,4,0,0,0],[75,9,75,30,4,0,0,0],[75,20,75,30,4,0,0,0],[75,31,76,9,2,0,0,3],[76,9,76,18,2,0,0,0],[76,19,77,5,2,0,0,3],[77,5,81,13,2,0,0,0],[78,25,78,39,3,0,0,0],[78,41,78,44,1,0,0,0],[78,45,79,9,1,0,0,3],[79,9,79,38,1,0,0,0]]},{"branches":[[97,9,97,16,1,4,0,0,4],[97,20,97,30,1,3,0,0,4],[97,34,97,70,1,2,0,0,4]],"count":5,"filenames":["/Users/stiubedenis/Desktop/Facultate/Teme/Semestrul 2/OOP/lab_2-4Dinamic/list/lista.c"],"name":"ModificaOferta","regions":[[96,65,105,2,5,0,0,0],[97,9,97,16,5,0,0,0],[97,9,97,30,5,0,0,0],[97,9,97,70,5,0,0,0],[97,20,97,30,4,0,0,0],[97,34,97,70,3,0,0,0],[97,71,98,9,3,0,0,3],[98,9,98,18,3,0,0,0],[98,19,99,5,2,0,0,3],[99,5,104,13,2,0,0,0]]},{"branches":[[12,9,12,33,1,6,0,0,4],[17,9,17,23,1,5,0,0,4]],"count":7,"filenames":["/Users/stiubedenis/Desktop/Facultate/Teme/Semestrul 2/OOP/lab_2-4Dinamic/service/service.c"],"name":"AdaugaOfertaService","regions":[[10,94,22,2,7,0,0,0],[12,9,12,33,7,0,0,0],[12,34,15,6,1,0,0,0],[15,6,16,5,6,0,0,3],[16,5,22,2,6,0,0,0],[17,9,17,23,6,0,0,0],[17,24,17,25,1,0,0,3],[17,25,20,6,1,0,0,0],[20,6,21,5,5,0,0,3],[21,5,21,13,5,0,0,0]]},{"branches":[[26,9,26,23,1,1,0,0,4]],"count":2,"filenames":["/Users/stiubedenis/Desktop/Facultate/Teme/Semestrul 2/OOP/lab_2-4Dinamic/service/service.c"],"name":"StergeOfertaService","regions":[[24,49,29,2,2,0,0,0],[26,9,26,23,2,0,0,0],[26,24,27,9,1,0,0,3],[27,9,27,18,1,0,0,0],[27,19,28,5,1,0,0,3],[28,5,28,13,1,0,0,0]]},{"branches":[[33,9,33,33,1,3,0,0,4],[39,9,39,25,2,1,0,0,4]],"count":4,"filenames":["/Users/stiubedenis/Desktop/Facultate/Teme/Semestrul 2/OOP/lab_2-4Dinamic/service/service.c"],"name":"ModificaOfertaService","regions":[[31,106,42,2,4,0,0,0],[33,9,33,33,4,0,0,0],[33,34,36,6,1,0,0,0],[36,6,37,5,3,0,0,3],[37,5,42,2,3,0,0,0],[39,9,39,25,3,0,0,0],[39,26,40,9,2,0,0,3],[40,9,40,18,2,0,0,0],[40,19,41,5,1,0,0,3],[41,5,41,13,1,0,0,0]]},{"branches":[[95,12,95,19,12,4,0,0,4],[97,25,97,41,24,12,0,0,4],[98,17,98,28,12,12,0,0,4],[99,21,99,61,6,6,0,0,4],[107,21,107,60,6,6,0,0,4]],"count":4,"filenames":["/Users/stiubedenis/Desktop/Facultate/Teme/Semestrul 2/OOP/lab_2-4Dinamic/service/service.c"],"name":"SortareGenerica","regions":[[93,80,115,2,4,0,0,0],[95,12,95,19,16,0,0,0],[95,20,95,21,12,0,0,3],[95,21,114,6,12,0,0,0],[97,25,97,41,36,0,0,0],[97,43,97,46,24,0,0,0],[97,47,98,13,24,0,0,3],[98,13,113,14,24,0,0,0],[98,17,98,28,24,0,0,0],[98,29,98,30,12,0,0,3],[98,30,105,14,12,0,0,0],[99,21,99,61,12,0,0,0],[99,62,104,18,6,0,0,0],[105,14,106,18,12,0,0,3],[106,18,113,14,12,0,0,0],[107,21,107,60,12,0,0,0],[107,61,112,18,6,0,0,0]]},{"branches":[[120,17,120,28,6,2,0,0,4],[121,13,121,23,3,3,0,0,4],[122,17,122,56,1,2,0,0,4],[127,17,127,56,2,1,0,0,4]],"count":2,"filenames":["/Users/stiubedenis/Desktop/Facultate/Teme/Semestrul 2/OOP/lab_2-4Dinamic/service/service.c"],"name":"FiltruPret","regions":[[117,70,134,2,2,0,0,0],[120,17,120,28,8,0,0,0],[120,30,120,33,6,0,0,0],[120,34,120,35,6,0,0,3],[120,35,132,6,6,0,0,0],[121,13,121,23,6,0,0,0],[121,24,121,25,3,0,0,3],[121,25,126,10,3,0,0,0],[122,17,122,56,3,0,0,0],[122,57,122,58,1,0,0,3],[122,58,125,14,1,0,0,0],[126,10,126,16,3,0,0,3],[126,16,131,10,3,0,0,0],[127,17,127,56,3,0,0,0],[127,57,127,58,2,0,0,3],[127,58,130,14,2,0,0,0]]},{"branches":[[138,21,138,32,3,1,0,0,4],[139,13,139,51,1,2,0,0,4]],"count":1,"filenames":["/Users/stiubedenis/Desktop/Facultate/Teme/Semestrul 2/OOP/lab_2-4Dinamic/service/service.c"],"name":"FiltruTip","regions":[[136,54,145,2,1,0,0,0],[138,21,138,32,4,0,0,0],[138,34,138,37,3,0,0,0],[138,38,143,6,3,0,0,0],[139,13,139,51,3,0,0,0],[139,52,139,53,1,0,0,3],[139,53,142,10,1,0,0,0]]},{"branches":[[149,21,149,32,3,1,0,0,4],[150,13,150,53,1,2,0,0,4]],"count":1,"filenames":["/Users/stiubedenis/Desktop/Facultate/Teme/Semestrul 2/OOP/lab_2-4Dinamic/service/service.c"],"name":"FiltruData","regions":[[147,56,156,2,1,0,0,0],[149,21,149,32,4,0,0,0],[149,34,149,37,3,0,0,0],[149,38,149,39,3,0,0,3],[149,39,154,6,3,0,0,0],[150,13,150,53,3,0,0,0],[150,54,150,55,1,0,0,3],[150,55,153,10,1,0,0,0]]},{"branches":[[164,9,164,31,8,7,0,0,4],[164,35,164,57,4,4,0,0,4],[164,61,164,83,3,1,0,0,4]],"count":15,"filenames":["/Users/stiubedenis/Desktop/Facultate/Teme/Semestrul 2/OOP/lab_2-4Dinamic/service/service.c"],"name":"ValidareTip","regions":[[158,28,167,2,15,0,0,0],[164,9,164,31,15,0,0,0],[164,9,164,57,15,0,0,0],[164,9,164,83,15,0,0,0],[164,35,164,57,8,0,0,0],[164,61,164,83,4,0,0,0],[164,84,165,9,3,0,0,3],[165,9,165,18,3,0,0,0]]},{"branches":[[171,9,171,27,2,17,0,0,4],[173,9,173,23,1,18,0,0,4],[173,27,173,41,0,18,0,0,4],[175,9,175,37,1,18,0,0,4],[177,9,177,38,1,18,0,0,4],[177,42,177,68,1,0,0,0,4],[179,9,179,31,10,9,0,0,4],[180,13,180,39,1,9,0,0,4],[184,13,184,39,2,7,0,0,4]],"count":19,"filenames":["/Users/stiubedenis/Desktop/Facultate/Teme/Semestrul 2/OOP/lab_2-4Dinamic/service/service.c"],"name":"ValidareData","regions":[[169,30,188,2,19,0,0,0],[171,9,171,27,19,0,0,0],[171,28,172,9,2,0,0,3],[172,9,172,18,2,0,0,0],[173,9,173,23,19,0,0,0],[173,9,173,41,19,0,0,0],[173,27,173,41,18,0,0,0],[173,42,174,9,1,0,0,3],[174,9,174,18,1,0,0,0],[175,9,175,37,19,0,0,0],[175,38,176,9,1,0,0,3],[176,9,176,18,1,0,0,0],[177,9,177,38,19,0,0,0],[177,9,177,68,19,0,0,0],[177,42,177,68,1,0,0,0],[177,69,178,9,1,0,0,3],[178,9,178,18,1,0,0,0],[179,9,179,31,19,0,0,0],[179,32,182,6,10,0,0,0],[180,13,180,39,10,0,0,0],[180,40,181,13,1,0,0,3],[181,13,181,22,1,0,0,0],[182,6,183,9,9,0,0,3],[183,9,186,6,9,0,0,0],[184,13,184,39,9,0,0,0],[184,40,185,13,2,0,0,3],[185,13,185,22,2,0,0,0]]},{"branches":[],"count":2,"filenames":["/Users/stiubedenis/Desktop/Facultate/Teme/Semestrul 2/OOP/lab_2-4Dinamic/service/service.c"],"name":"ValidarePret","regions":[[190,27,192,2,2,0,0,0]]},{"branches":[],"count":12,"filenames":["/Users/stiubedenis/Desktop/Facultate/Teme/Semestrul 2/OOP/lab_2-4Dinamic/service/service.c"],"name":"ValidareOferta","regions":[[194,34,196,2,12,0,0,0]]},{"branches":[[12,9,12,21,0,0,0,0,4],[15,25,15,36,0,0,0,0,4]],"count":0,"filenames":["/Users/stiubedenis/Desktop/Facultate/Teme/Semestrul 2/OOP/lab_2-4Dinamic/ui/ui.c"],"name":"Afisare","regions":[[11,32,18,2,0,0,0,0],[12,9,12,21,0,0,0,0],[12,22,13,9,0,0,0,3],[13,9,13,38,0,0,0,0],[13,39,15,9,0,0,0,3],[15,9,17,46,0,0,0,0],[15,25,15,36,0,0,0,0],[15,38,15,41,0,0,0,0],[15,42,16,13,0,0,0,3],[16,13,17,46,0,0,0,0]]},{"branches":[[32,12,32,26,0,0,0,0,4]],"count":0,"filenames":["/Users/stiubedenis/Desktop/Facultate/Teme/Semestrul 2/OOP/lab_2-4Dinamic/ui/ui.c"],"name":"AdaugaOfertaUI","regions":[[20,40,45,2,0,0,0,0],[32,12,32,26,0,0,0,0],[32,27,43,6,0,0,0,0]]},{"branches":[[52,12,52,26,0,0,0,0,4]],"count":0,"filenames":["/Users/stiubedenis/Desktop/Facultate/Teme/Semestrul 2/OOP/lab_2-4Dinamic/ui/ui.c"],"name":"StergeOfertaUI","regions":[[47,40,59,2,0,0,0,0],[52,12,52,26,0,0,0,0],[52,27,57,6,0,0,0,0]]},{"branches":[[75,12,75,28,0,0,0,0,4]],"count":0,"filenames":["/Users/stiubedenis/Desktop/Facultate/Teme/Semestrul 2/OOP/lab_2-4Dinamic/ui/ui.c"],"name":"ModificaOfertaUI","regions":[[61,42,90,2,0,0,0,0],[75,12,75,28,0,0,0,0],[75,29,88,6,0,0,0,0]]},{"branches":[[97,9,97,28,0,0,0,0,4],[101,14,101,33,0,0,0,0,4]],"count":0,"filenames":["/Users/stiubedenis/Desktop/Facultate/Teme/Semestrul 2/OOP/lab_2-4Dinamic/ui/ui.c"],"name":"SortarePretOfertaUI","regions":[[92,45,105,2,0,0,0,0],[97,9,97,28,0,0,0,0],[97,29,100,6,0,0,0,0],[100,6,101,10,0,0,0,3],[101,10,104,6,0,0,0,0],[101,14,101,33,0,0,0,0],[101,34,104,6,0,0,0,0]]},{"branches":[[111,9,111,28,0,0,0,0,4],[115,14,115,33,0,0,0,0,4]],"count":0,"filenames":["/Users/stiubedenis/Desktop/Facultate/Teme/Semestrul 2/OOP/lab_2-4Dinamic/ui/ui.c"],"name":"SortareDataOfertaUI","regions":[[107,45,119,2,0,0,0,0],[111,9,111,28,0,0,0,0],[111,29,114,6,0,0,0,0],[114,6,115,10,0,0,0,3],[115,10,118,6,0,0,0,0],[115,14,115,33,0,0,0,0],[115,34,118,6,0,0,0,0]]},{"branches":[[128,9,128,28,0,0,0,0,4],[133,14,133,33,0,0,0,0,4]],"count":0,"filenames":["/Users/stiubedenis/Desktop/Facultate/Teme/Semestrul 2/OOP/lab_2-4Dinamic/ui/ui.c"],"name":"FiltruPretUI","regions":[[121,37,139,2,0,0,0,0],[128,9,128,28,0,0,0,0],[128,29,132,6,0,0,0,0],[132,6,133,10,0,0,0,3],[133,10,137,6,0,0,0,0],[133,14,133,33,0,0,0,0],[133,34,137,6,0,0,0,0],[138,1,138,1,0,0,0,2]]},{"branches":[],"count":0,"filenames":["/Users/stiubedenis/Desktop/Facultate/Teme/Semestrul 2/OOP/lab_2-4Dinamic/ui/ui.c"],"name":"FiltruTipUI","regions":[[141,36,148,2,0,0,0,0]]},{"branches":[],"count":0,"filenames":["/Users/stiubedenis/Desktop/Facultate/Teme/Semestrul 2/OOP/lab_2-4Dinamic/ui/ui.c"],"name":"FiltruDataUI","regions":[[150,37,157,2,0,0,0,0]]},{"branches":[],"count":0,"filenames":["/Users/stiubedenis/Desktop/Facultate/Teme/Semestrul 2/OOP/lab_2-4Dinamic/ui/ui.c"],"name":"Meniu","regions":[[159,13,162,2,0,0,0,0]]},{"branches":[[171,13,171,27,0,0,0,0,4],[174,18,174,32,0,0,0,0,4],[177,18,177,32,0,0,0,0,4],[180,18,180,32,0,0,0,0,4],[183,18,183,32,0,0,0,0,4],[186,18,186,32,0,0,0,0,4],[189,18,189,32,0,0,0,0,4],[192,18,192,32,0,0,0,0,4],[195,18,195,32,0,0,0,0,4],[198,18,198,32,0,0,0,0,4],[201,18,201,32,0,0,0,0,4]],"count":0,"filenames":["/Users/stiubedenis/Desktop/Facultate/Teme/Semestrul 2/OOP/lab_2-4Dinamic/ui/ui.c"],"name":"run","regions":[[164,29,209,2,0,0,0,0],[166,12,166,13,0,0,0,0],[166,14,207,6,0,0,0,0],[170,1,170,1,0,0,0,2],[171,13,171,27,0,0,0,0],[171,28,172,13,0,0,0,3],[172,13,172,18,0,0,0,0],[172,19,174,14,0,0,0,3],[173,1,173,1,0,0,0,2],[174,14,205,44,0,0,0,0],[174,18,174,32,0,0,0,0],[174,33,175,13,0,0,0,3],[175,13,175,28,0,0,0,0],[175,29,177,14,0,0,0,3],[176,1,176,1,0,0,0,2],[177,14,205,44,0,0,0,0],[177,18,177,32,0,0,0,0],[177,33,178,13,0,0,0,3],[178,13,178,20,0,0,0,0],[178,21,180,14,0,0,0,3],[179,1,179,1,0,0,0,2],[180,14,205,44,0,0,0,0],[180,18,180,32,0,0,0,0],[180,33,181,13,0,0,0,3],[181,13,181,34,0,0,0,0],[181,35,183,14,0,0,0,3],[182,1,182,1,0,0,0,2],[183,14,205,44,0,0,0,0],[183,18,183,32,0,0,0,0],[183,33,184,13,0,0,0,3],[184,13,184,34,0,0,0,0],[184,35,186,14,0,0,0,3],[185,1,185,1,0,0,0,2],[186,14,205,44,0,0,0,0],[186,18,186,32,0,0,0,0],[186,33,187,13,0,0,0,3],[187,13,187,36,0,0,0,0],[187,37,189,14,0,0,0,3],[188,1,188,1,0,0,0,2],[189,14,205,44,0,0,0,0],[189,18,189,32,0,0,0,0],[189,33,190,13,0,0,0,3],[190,13,190,39,0,0,0,0],[190,40,192,14,0,0,0,3],[191,1,191,1,0,0,0,2],[192,14,205,44,0,0,0,0],[192,18,192,32,0,0,0,0],[192,33,193,13,0,0,0,3],[193,13,193,39,0,0,0,0],[193,40,195,14,0,0,0,3],[194,1,194,1,0,0,0,2],[195,14,205,44,0,0,0,0],[195,18,195,32,0,0,0,0],[195,33,196,13,0,0,0,3],[196,13,196,33,0,0,0,0],[196,34,198,14,0,0,0,3],[197,1,197,1,0,0,0,2],[198,14,205,44,0,0,0,0],[198,18,198,32,0,0,0,0],[198,33,199,13,0,0,0,3],[199,13,199,32,0,0,0,0],[199,33,201,14,0,0,0,3],[200,1,200,1,0,0,0,2],[201,14,205,44,0,0,0,0],[201,18,201,32,0,0,0,0],[201,33,202,13,0,0,0,3],[202,13,202,33,0,0,0,0],[202,34,205,13,0,0,0,3],[203,1,203,1,0,0,0,2],[205,13,205,44,0,0,0,0],[206,1,206,1,0,0,0,2]]}],"totals":{"branches":{"count":148,"covered":99,"notcovered":49,"percent":66.891891891891902},"functions":{"count":67,"covered":56,"percent":83.582089552238799},"instantiations":{"count":67,"covered":56,"percent":83.582089552238799},"lines":{"count":761,"covered":586,"percent":77.003942181340349},"regions":{"count":348,"covered":275,"notcovered":73,"percent":79.022988505747122}}}],"type":"llvm.coverage.json.export","version":"2.0.1"}